CMPD_CHEMBLID	MOLWEIGHT	ALOGP	PSA	CANONICAL_SMILES	STANDARD_TYPE	STANDARD_VALUE (nM)
CHEMBL3898851	564.41	6.61	121.08	Cc1n[nH]c(C)c1N=C(O)c2cc(NC(=O)c3cc(c(Cl)cc3Cl)c4ccc(F)cn4)n(n2)c5ccccc5	IC50	4.81
CHEMBL3904509	623.6	6.93	125.95	OC(=Nc1cnc(Oc2ccc(cc2)c3cnn4ccc(nc34)N5CCC5)nc1)Nc6cc(ccc6c7cccnc7)C(F)(F)F	IC50	1
CHEMBL211095	362.48	3.29	111.1	NC(=O)Nc1snc(S[C@@H]2CCCCc3ccccc23)c1C(=O)N	IC50	1
CHEMBL513953	480.93	2.86	153.13	CC(C)Oc1cc(Nc2nc(N[C@@H](C)c3ccc(F)cn3)nc(NC[C@@H](O)CO)c2Cl)n[nH]1	EC50	1
CHEMBL3678292	484.56	4.62	102.24	COc1ccc(COc2ccc(cc2OC)C(C)n3c(N)nc4cc(ccc34)c5cnn(C)c5)cn1	IC50	3
CHEMBL1774056	355.35	3.57	102.31	C[C@H](Nc1nc(Nc2cc(C)[nH]n2)c(F)cc1C#N)c3ccc(F)cn3	IC50	3
CHEMBL3671157	417.42	1.43	102.99	OC[C@@H](O)CNC(=O)c1cnn2ccc(nc12)N3CCC[C@@H]3c4cc(F)ccc4F	IC50	1.3
CHEMBL3671320	582.6	4.88	97.12	CC(Cc1c(F)c(F)cc(F)c1F)NC2=C(C(=O)NC=C2)c3nc4c(C)c5CN(C6CCN(C)CC6)C(=O)c5cc4[nH]3	IC50	5.992
CHEMBL3671403	485.43	2.39	127.82	OCC1(CC1)n2cc(C(=O)c3cncc(NC(=O)Cn4ccc(n4)C(F)(F)F)c3)c5cncnc25	IC50	9.48
CHEMBL3673461	489.53	3.52	111.83	COc1ccc(COc2ccc(Cn3cnc4cc(cnc34)N5CCC[C@H]5C(=O)O)cc2OC)cn1	IC50	8
CHEMBL3673478	508.5	5.07	93.01	COc1cc(Cn2c(N)nc3cc(cnc23)c4cnn(C)c4)ccc1OCc5ccc(cc5)C(F)(F)F	IC50	0.2
CHEMBL3673480	461.55	3.81	105.9	COc1cc(Cn2c(N)nc3cc(cnc23)c4cnn(C)c4)ccc1OCc5csc(C)n5	IC50	0.5
CHEMBL3673487	468.52	4.12	110.2	COc1ccc(COc2ccc(Cn3c(N)nc4cc(cnc34)c5cccnc5)cc2OC)cn1	IC50	5
CHEMBL3675931	468.53	1.76	95.23	OCc1ccc(F)cc1C2CCCN2c3ccn4ncc(C(=O)NCCN5CCOCC5)c4n3	IC50	2.25
CHEMBL3675976	394.45	3.28	75.42	CC1(CCC1)NC(=O)c2cnn3ccc(nc23)N4CCCC4c5cncc(F)c5	IC50	5.2
CHEMBL3676020	430.44	0.7	125.11	COc1ncc(F)cc1[C@H]2CCCN2c3ccn4ncc(C(=O)NCC(O)CO)c4n3	IC50	6.1
CHEMBL3676021	430.44	0.7	125.11	COc1ncc(F)cc1[C@H]2CCCN2c3ccn4ncc(C(=O)NC[C@@H](O)CO)c4n3	IC50	5.7
CHEMBL3676078	452.41	2.65	95.65	CC(NC(=O)c1cnn2ccc(nc12)N3C(CO)CCC3c4cncc(F)c4)C(F)(F)F	IC50	6.8
CHEMBL3676104	462.49	3.47	113.33	COc1ncc(F)cc1[C@H]2CCCN2c3ccn4ncc(C(=O)Nc5cc(n[nH]5)C6CC6)c4n3	IC50	8.9
CHEMBL3666427	414.47	3.85	102.66	CCc1ccnc(c1)C(=O)Nc2cncc(c2)C(=O)c3cn(C(C)C)c4ncncc34	IC50	5.51
CHEMBL456976	417.29	4.9	78.52	C[C@H](Nc1ncc(Br)c(Nc2cc([nH]n2)C3CC3)n1)c4ccc(F)cc4	EC50	6
CHEMBL388978	466.54	4.35	69.45	CN[C@@H]1C[C@H]2O[C@@](C)([C@@H]1OC)n3c4ccccc4c5c6CNC(=O)c6c7c8ccccc8n2c7c35	IC50	0.5
CHEMBL3977553	533.93	5.35	121.08	OC(=NCc1cn[nH]c1)c2cc(NC(=O)c3cc(c(F)cc3Cl)c4ncccc4F)n(n2)c5ccccc5	IC50	1.936
CHEMBL3298267	464.53	4.14	95.45	Cc1cn(cn1)c2ccc(cc2)c3cn(CC(=O)Nc4cc(nn4c5ccccc5)C6CC6)nn3	IC50	9
CHEMBL3947950	449.47	4.03	88.31	CC1(C)C[C@@H](N(C1)c2ccn3ncc(NC(=O)c4cnccn4)c3n2)c5cc(F)ccc5F	IC50	2
CHEMBL3954486	568.44	6.24	112.63	O[C@@H]1CC[C@H](CC1)N=C(O)c2cc(NC(=O)c3cc(c(Cl)cc3Cl)c4ncccc4F)n(n2)c5ccccc5	IC50	4.03
CHEMBL3966864	612.51	6.01	152.68	CS(=O)(=O)c1ccc(cc1NC(=Nc2cnc(Oc3ccc(cc3)c4cc(cnc4N)C(F)(F)F)nc2)O)C(F)(F)F	IC50	0.8
CHEMBL3942676	540.38	5.46	112.63	OC(=NCC1(O)CC1)c2cc(NC(=O)c3cc(c(Cl)cc3Cl)c4ncccc4F)n(n2)c5ccccc5	IC50	6.37
CHEMBL3914679	580.96	6.64	136.36	Cn1nccc1c2ccc(cc2NC(=Nc3cnc(Oc4ccc(cc4)c5cc(Cl)cnc5N)nc3)O)C(F)(F)F	IC50	2
CHEMBL3916880	455.51	4.35	86.25	CC1(O)CCC(CC1)N=C(O)c2cnn3ccc(nc23)N4CCC[C@@H]4c5cc(F)ccc5F	IC50	1.18
CHEMBL3923369	468.44	5.78	89.6	CC(C)n1cc(C(=O)c2ccnc(c2)N=C(O)c3cccc(OC(F)(F)F)c3)c4cnccc14	IC50	3.85
CHEMBL3895402	541.97	5.83	118.18	CC(N=C(O)c1cc(NC(=O)c2cc(c(F)cc2Cl)c3ccccn3)n(n1)c4ccccc4)c5cncnc5	IC50	7.46
CHEMBL251796	561.53	4.14	104.45	C[C@@H](N)C(=O)N1CCN(CC1)C(=O)c2cc(Sc3cnc(Nc4cccc(Br)n4)s3)ccc2C	IC50	1
CHEMBL254895	547.5	3.75	104.45	Cc1ccc(Sc2cnc(Nc3cccc(Br)n3)s2)cc1C(=O)N4CCN(CC4)C(=O)CN	IC50	0.6
CHEMBL3671129	399.45	3.88	62.53	CC(C)(C)NC(=O)c1cnn2ccc(nc12)N3CCC[C@@H]3c4cc(F)ccc4F	IC50	0.7
CHEMBL3671134	423.43	3.33	80.35	Cn1ccc(NC(=O)c2cnn3ccc(nc23)N4CCC[C@@H]4c5cc(F)ccc5F)n1	IC50	1.55
CHEMBL3671137	484.55	3.19	75	CC(C)(CN1CCOCC1)NC(=O)c2cnn3ccc(nc23)N4CCC[C@@H]4c5cc(F)ccc5F	IC50	3.45
CHEMBL3671150	437.45	3.01	80.35	Cn1cc(CNC(=O)c2cnn3ccc(nc23)N4CCC[C@@H]4c5cc(F)ccc5F)cn1	IC50	2.1
CHEMBL3671396	415.45	3.31	110	CC(C)n1cc(C(=O)c2cncc(NC(=O)C(O)c3ccccc3)c2)c4cncnc14	IC50	7.3
CHEMBL3671443	495.46	4	99	CC1(COC1)n2cc(C(=O)c3cncc(NC(=O)Cc4ccc(cc4)C(F)(F)F)c3)c5cncnc25	IC50	2.92
CHEMBL3675910	413.43	2.56	73.97	CC1(O)CN(C1)C(=O)c2cnn3ccc(nc23)N4CCC[C@@H]4c5cc(F)ccc5F	IC50	5.3
CHEMBL3675911	469.49	3.72	99.83	OC(=O)C1CCC(CC1)NC(=O)c2cnn3ccc(nc23)N4CCCC4c5cc(F)ccc5F	IC50	1.5
CHEMBL3675916	410.43	3.38	86.32	CC(C)(NC(=O)c1cnn2ccc(nc12)N3CCCC3c4cc(F)ccc4F)C#N	IC50	1.3
CHEMBL3675922	504.56	2.5	99.91	CS(=O)(=O)N1CCC(CC1)NC(=O)c2cnn3ccc(nc23)N4CCCC4c5cc(F)ccc5F	IC50	1.5
CHEMBL3675937	444.46	2.78	74.56	F[C@H]1CNCC[C@H]1NC(=O)c2cnn3ccc(nc23)N4CCC[C@@H]4c5cc(F)ccc5F	IC50	1.95
CHEMBL3675943	371.39	3.23	76.52	CC1(C)CC[C@@H](N1c2ccn3ncc(C(=O)N)c3n2)c4cc(F)ccc4F	IC50	5.1
CHEMBL3676015	513.57	3.26	122.98	COc1ncc(F)cc1[C@H]2CCCN2c3ccn4ncc(C(=O)NCCCNC(=O)OC(C)(C)C)c4n3	IC50	9.4
CHEMBL3676033	517.59	1.77	122.03	COc1ncc(F)cc1[C@H]2CCCN2c3ccn4ncc(C(=O)NC5CCN(CC5)S(=O)(=O)C)c4n3	IC50	2.2
CHEMBL3676034	387.39	2.07	82.76	OCCNC(=O)c1cnn2ccc(nc12)N3CCCC3c4cc(F)ccc4F	IC50	1.1
CHEMBL3676053	394.45	3.2	75.42	Cc1ncc(F)cc1C2CCCN2c3ccn4ncc(C(=O)NC5CCC5)c4n3	IC50	8.6
CHEMBL3676077	415.43	1.04	126.21	NC(=O)c1cnn2ccc(nc12)N3CCC[C@@H]3c4cc(F)ccc4OCC(O)CO	IC50	4.2
CHEMBL3676078	452.41	2.65	95.65	CC(NC(=O)c1cnn2ccc(nc12)N3C(CO)CCC3c4cncc(F)c4)C(F)(F)F	IC50	6.8
CHEMBL3676093	433.45	2.56	97.42	CN1C=C(F)C=C([C@H]2CCCN2c3ccn4ncc(C(=O)Nc5cccnc5)c4n3)C1=O	IC50	8.7
CHEMBL3676105	450.48	3.15	113.33	CCc1cc(NC(=O)c2cnn3ccc(nc23)N4CCCC4c5cc(F)cnc5OC)[nH]n1	IC50	9
CHEMBL3659500	367.39	3.25	93.54	CCOc1cc(n[nH]1)n2cnc3ccc(N[C@@H](C)c4ccc(F)cn4)nc23	IC50	3
CHEMBL3661462	467.45	4.84	89.77	CC(C)n1cc(C(=O)c2cncc(NC(=O)Cc3ccc(cc3)C(F)(F)F)c2)c4cncnc14	IC50	4.15
CHEMBL3979634	526.36	5.34	101.63	OC(=NC1COC1)c2cc(NC(=O)c3cc(c(Cl)cc3Cl)c4ncccc4F)n(n2)c5ccccc5	IC50	7.22
CHEMBL365585	455.51	4.09	99.51	CC1(C)O[C@H](C[C@]1(O)CO)n2c3ccccc3c4c5C(=O)NCc5c6c7ccccc7[nH]c6c24	IC50	4
CHEMBL3956444	533.38	5.99	118.43	OC(=NCc1cocn1)c2cc(NC(=O)c3cc(c(Cl)cc3Cl)c4ccccn4)n(n2)c5ccccc5	IC50	7.64
CHEMBL3961730	570.41	5.09	121.86	OCCC1(COC1)N=C(O)c2cc(NC(=O)c3cc(c(Cl)cc3Cl)c4ncccc4F)n(n2)c5ccccc5	IC50	6.61
CHEMBL3963169	562.39	5.93	118.18	OC(=NCc1cccnn1)c2cc(NC(=O)c3cc(c(Cl)cc3Cl)c4ncccc4F)n(n2)c5ccccc5	IC50	3.21
CHEMBL3930393	540.38	5.73	101.63	OC(=N[C@H]1CCOC1)c2cc(NC(=O)c3cc(c(Cl)cc3Cl)c4ncccc4F)n(n2)c5ccccc5	IC50	8.51
CHEMBL3930567	523.36	5.85	116.19	OC(=NCCC#N)c1cc(NC(=O)c2cc(c(Cl)cc2Cl)c3ncccc3F)n(n1)c4ccccc4	IC50	3.25
CHEMBL3936597	565.4	5.56	133.97	Cc1nc(CN=C(O)c2cc(NC(=O)c3cc(c(Cl)cc3Cl)c4ncccc4F)n(n2)c5ccccc5)n[nH]1	IC50	9.46
CHEMBL3942546	546.42	6.47	121.08	Cc1n[nH]c(C)c1N=C(O)c2cc(NC(=O)c3cc(c(Cl)cc3Cl)c4ccccn4)n(n2)c5ccccc5	IC50	1.71
CHEMBL3916880	455.51	4.35	86.25	CC1(O)CCC(CC1)N=C(O)c2cnn3ccc(nc23)N4CCC[C@@H]4c5cc(F)ccc5F	IC50	1.23
CHEMBL3904254	516.92	4.6	133.97	OC(=NCc1cnn[nH]1)c2cc(NC(=O)c3cc(c(F)cc3Cl)c4ccccn4)n(n2)c5ccccc5	IC50	8.09
CHEMBL3678284	540.57	5.66	93.01	COc1cc(Cn2c(N)nc3cc(cnc23)c4cnn(C)c4)ccc1OCc5ccc(SC(F)(F)F)cc5	IC50	0.2
CHEMBL3678292	484.56	4.62	102.24	COc1ccc(COc2ccc(cc2OC)C(C)n3c(N)nc4cc(ccc34)c5cnn(C)c5)cn1	IC50	3
CHEMBL3671141	383.4	3.24	62.53	Fc1ccc(F)c(c1)[C@H]2CCCN2c3ccn4ncc(C(=O)NC5CC5)c4n3	IC50	0.5
CHEMBL3671154	417.42	1.43	102.99	OC[C@H](O)CNC(=O)c1cnn2ccc(nc12)N3CCC[C@@H]3c4cc(F)ccc4F	IC50	1.3
CHEMBL3671388	425.45	3.77	118.45	CC(C)n1cc(C(=O)c2cncc(NC(=O)c3[nH]nc4ccccc34)c2)c5cncnc15	IC50	5.45
CHEMBL3671467	498.55	3.46	137.44	Cn1cc(cn1)n2nc(cc2NC(=O)Nc3cncc(c3)C(=O)c4cn(C)c5ncncc45)C(C)(C)C	IC50	4.64
CHEMBL3673440	542.58	5.57	101.49	COc1ccc(COc2ccc(Cn3c(N)nc4cc(ccc34)c5ccc(nc5)P(=O)(C)C)cc2OC)cc1	IC50	7
CHEMBL3673476	471.52	3.45	115.13	COc1ccc(COc2ccc(Cn3c(N)nc4cc(cnc34)c5cnn(C)c5)cc2OC)cn1	IC50	0.6
CHEMBL3675912	453.52	2.74	102.99	OCc1ccc(F)cc1C2CCCN2c3ccn4ncc(C(=O)NC5CCC(O)CC5)c4n3	IC50	1.1
CHEMBL3675946	400.43	3.08	75.42	CC(C)(CF)NC(=O)c1cnn2ccc(nc12)N3CCC[C@@H]3c4cncc(F)c4	IC50	8.65
CHEMBL3676022	428.47	2.12	104.88	COc1ncc(F)cc1[C@H]2CCCN2c3ccn4ncc(C(=O)NCCCCO)c4n3	IC50	1.4
CHEMBL3676036	401.42	2.46	82.76	C[C@@H](O)CNC(=O)c1cnn2ccc(nc12)N3CCCC3c4cc(F)ccc4F	IC50	2.2
CHEMBL3661491	457.42	3.49	107.59	CC(C)n1cc(C(=O)c2cncc(NC(=O)Cn3ccc(n3)C(F)(F)F)c2)c4cncnc14	IC50	4.86
CHEMBL3666254	448.91	4.06	115.79	CC(C)n1cc(C(=O)c2cncc(NC(=O)Cc3ccc(Cl)cc3)c2)c4cnc(N)nc14	IC50	3.48
CHEMBL3582441	501.57	3.48	90.1	OC(=O)CN1CCN(CC1)c2cc(ccn2)c3cnc4ccc(nn34)N5CCC[C@@H]5c6cccc(F)c6	IC50	1
CHEMBL3582442	458.54	4.23	69.79	OC1CCN(CC1)c2cc(ccn2)c3cnc4ccc(nn34)N5CCC[C@@H]5c6cccc(F)c6	IC50	4
CHEMBL427901	425.49	4.81	83.22	CCNC(=O)O[C@@H](C)[C@H]1c2ccccc2c3c1c4[nH]c5ccccc5c4c6CNC(=O)c36	IC50	8
CHEMBL2151321	381.42	3.64	93.54	CC(C)Oc1cc(n[nH]1)n2cnc3ccc(N[C@@H](C)c4ccc(F)cn4)nc23	IC50	1.4
CHEMBL3975484	551.37	6.13	118.43	OC(=NCc1ccon1)c2cc(NC(=O)c3cc(c(Cl)cc3Cl)c4ncccc4F)n(n2)c5ccccc5	IC50	5.15
CHEMBL3976305	568.87	7.26	118.54	Nc1ncc(Cl)cc1c2ccc(Oc3ncc(cn3)N=C(O)Nc4ccc(cc4C(F)(F)F)C(F)(F)F)cc2	IC50	2
CHEMBL3976517	482.46	5.97	89.6	CC(C)n1cc(C(=O)c2ccnc(c2)N=C(O)Cc3cccc(OC(F)(F)F)c3)c4cnccc14	IC50	7.41
CHEMBL2037211	586.62	6.27	92.5	CN1CCN(CC1)c2cc(cc(c2)C(F)(F)F)C(=O)Nc3cccc(Nc4ccc5\C(=C\c6ccc[nH]6)\C(=O)Nc5c4)c3	IC50	7
CHEMBL2037224	503.48	6.91	98.05	FC(F)(F)c1cccc(NC(=O)Nc2cccc(Nc3ccc4\C(=C\c5ccc[nH]5)\C(=O)Nc4c3)c2)c1	IC50	7
CHEMBL3949290	559.96	5.43	132.04	OC(=NCC1=CC(=N)NC=C1)c2cc(NC(=O)c3cc(c(F)cc3Cl)c4ncccc4F)n(n2)c5ccccc5	IC50	1.04
CHEMBL3954487	533.38	5.99	118.43	OC(=NCc1oncc1)c2cc(NC(=O)c3cc(c(Cl)cc3Cl)c4ccccn4)n(n2)c5ccccc5	IC50	4.67
CHEMBL3955042	491.91	5.15	112.63	OC(=NC1CC1)c2cc(NC(=O)c3cc(ccc3Cl)c4ncccc4F)n(n2)c5cccc(O)c5	IC50	8.09
CHEMBL3958931	547.41	5.09	123.11	OC(=NCCn1cncn1)c2cc(NC(=O)c3cc(c(Cl)cc3Cl)c4ccccn4)n(n2)c5ccccc5	IC50	9.94
CHEMBL3934727	558.4	4.94	121.86	COC[C@@H](CO)N=C(O)c1cc(NC(=O)c2cc(c(Cl)cc2Cl)c3ncccc3F)n(n1)c4ccccc4	IC50	8.96
CHEMBL3941491	566.01	6.12	112.63	CC1(O)CCC(CC1)N=C(O)c2cc(NC(=O)c3cc(c(F)cc3Cl)c4ncccc4F)n(n2)c5ccccc5	IC50	6.72
CHEMBL3942627	545.94	5.41	118.18	OC(=NCc1cnccn1)c2cc(NC(=O)c3cc(c(F)cc3Cl)c4ncccc4F)n(n2)c5ccccc5	IC50	7.01
CHEMBL3906935	533.93	5.79	121.08	Cc1n[nH]cc1N=C(O)c2cc(NC(=O)c3cc(c(F)cc3Cl)c4ncccc4F)n(n2)c5ccccc5	IC50	3.174
CHEMBL3915459	572.95	5.42	104.43	OC(=NC1CCNCC1(F)F)c2cc(NC(=O)c3cc(c(F)cc3Cl)c4ncccc4F)n(n2)c5ccccc5	IC50	7.66
CHEMBL3921687	480.93	5.01	100.6	CC(C)(CO)n1cc(C(=O)c2cncc(c2)N=C(O)Cc3ccc(Cl)cc3)c4cncc(F)c14	IC50	6.53
CHEMBL3678301	511.5	4.36	108.31	COc1cc(ccc1OCc2ccc(nc2)C(F)(F)F)C(C)n3c(N)nc4cc(cnc34)C#CCCO	IC50	1
CHEMBL3671144	413.43	2.6	82.76	OCC1(CC1)NC(=O)c2cnn3ccc(nc23)N4CCC[C@@H]4c5cc(F)ccc5F	IC50	0.9
CHEMBL3671419	447.93	4.65	89.77	CC(C)(C)n1cc(C(=O)c2cncc(NC(=O)Cc3ccc(Cl)cc3)c2)c4cncnc14	IC50	2.95
CHEMBL3671460	510.56	4.08	137.44	CC(C)n1cc(C(=O)c2cncc(NC(=O)Nc3cc(nn3c4cnn(C)c4)C5CC5)c2)c6cncnc16	IC50	1.51
CHEMBL3673453	543.56	4.97	114.38	COc1ccc(COc2ccc(Cn3c(N)nc4cc(cnc34)c5ccc(nc5)P(=O)(C)C)cc2OC)cc1	IC50	0.5
CHEMBL3673477	509.49	4.46	105.9	COc1cc(Cn2c(N)nc3cc(cnc23)c4cnn(C)c4)ccc1OCc5ccc(nc5)C(F)(F)F	IC50	0.2
CHEMBL3673481	467.53	4.72	97.31	COc1ccc(COc2ccc(Cn3c(N)nc4cc(cnc34)c5ccccc5)cc2OC)cn1	IC50	6
CHEMBL3675918	417.44	3.83	62.53	CC(C)(CF)NC(=O)c1cnn2ccc(nc12)N3CCC[C@@H]3c4cc(F)ccc4F	IC50	0.8
CHEMBL3675952	439.49	3.13	80.99	COCCOc1cc(F)cc(c1)[C@H]2CCCN2c3ccn4ncc(C(=O)NC5CC5)c4n3	IC50	5.37
CHEMBL3675956	430.46	2.58	95.65	CC(C)(CF)NC(=O)c1cnn2ccc(nc12)N3CCCC3c4cc(F)cnc4CO	IC50	1.15
CHEMBL3675960	494.57	2.81	84.23	Fc1cc(OCCN2CCOCC2)cc(c1)[C@H]3CCCN3c4ccn5ncc(C(=O)NC6CC6)c5n4	IC50	9.38
CHEMBL3676004	422.39	3.29	75.42	C[C@H](NC(=O)c1cnn2ccc(nc12)N3CCCC3c4cncc(F)c4)C(F)(F)F	IC50	1.7
CHEMBL3676037	429.47	3.1	82.76	CC(C)(CO)CNC(=O)c1cnn2ccc(nc12)N3CCCC3c4cc(F)ccc4F	IC50	1.2
CHEMBL3676045	401.42	2.46	82.76	C[C@@H](CO)NC(=O)c1cnn2ccc(nc12)N3CCC[C@@H]3c4cc(F)ccc4F	IC50	1.8
CHEMBL3676047	429.47	3.1	82.76	CC(C)[C@@H](CO)NC(=O)c1cnn2ccc(nc12)N3CCCC3c4cc(F)ccc4F	IC50	8.5
CHEMBL3676051	396.47	3.44	75.42	Cc1ncc(F)cc1[C@H]2CCCN2c3ccn4ncc(C(=O)NC(C)(C)C)c4n3	IC50	6.9
CHEMBL3676052	382.44	3.05	75.42	CC(C)NC(=O)c1cnn2ccc(nc12)N3CCC[C@@H]3c4cc(F)cnc4C	IC50	7.4
CHEMBL3661606	498.47	3.39	136.02	CC(CO)n1cc(C(=O)c2cncc(NC(=O)Cc3cccc(c3)C(F)(F)F)c2)c4cnc(N)nc14	IC50	4.4
CHEMBL3968810	535.31	6.9	118.54	Nc1ncc(Cl)cc1c2ccc(Oc3ncc(cn3)N=C(O)Nc4cc(ccc4Cl)C(F)(F)F)cc2	IC50	1
CHEMBL3978653	433.9	5.12	93.26	CC(C)n1cc(C(=O)c2ccnc(c2)N=C(O)Cc3ccc(Cl)cn3)c4cnccc14	IC50	6.16
CHEMBL3981396	542.4	5.57	112.63	CC(CO)CN=C(O)c1cc(NC(=O)c2cc(c(Cl)cc2Cl)c3ncccc3F)n(n1)c4ccccc4	IC50	4.5
CHEMBL370493	455.51	4.09	99.51	CC1(C)O[C@H](C[C@@]1(O)CO)n2c3ccccc3c4c5C(=O)NCc5c6c7ccccc7[nH]c6c24	IC50	4
CHEMBL3298164	436.9	5.53	73.58	CCOc1cccc(c1)c2nccc3c2cc(C(=O)O)n3CCOc4ccc(Cl)cc4	Kd	3.5
CHEMBL3326006	476.67	4.53	69.45	CCCCNc1ncc2c(cn([C@@H]3CC[C@@H](O)CC3)c2n1)c4ccc(CN5CCN(C)CC5)cc4	IC50	1.67
CHEMBL3934726	621.67	5.56	145.16	CCCN=C1NC=C(S1)c2ccc(Oc3ncc(cn3)N=C(O)Nc4cc(ccc4S(=O)(=O)N(C)C)C(F)(F)F)cc2	IC50	4
CHEMBL3937255	562.39	5.93	118.18	OC(=NCc1cnccn1)c2cc(NC(=O)c3cc(c(Cl)cc3Cl)c4ncccc4F)n(n2)c5ccccc5	IC50	5.97
CHEMBL2007421	391.84	4.09	100.64	CC(C)Oc1cc(Nc2nc(NC(C)c3ccc(F)cn3)ncc2Cl)n[nH]1	Ki	3.981
CHEMBL3895227	432.46	3.87	84.65	COc1ncccc1C(=O)Nc2cnn3ccc(nc23)N4CCC[C@H]4c5cccc(F)c5	IC50	5.7
CHEMBL3897605	565.4	5.27	123.11	Cn1cc(CN=C(O)c2cc(NC(=O)c3cc(c(Cl)cc3Cl)c4ncccc4F)n(n2)c5ccccc5)nn1	IC50	3.22
CHEMBL211883	382.9	3.43	97.11	CNC(=O)Nc1snc(SC2CCc3cc(Cl)ccc23)c1C(=O)N	IC50	8
CHEMBL3671135	441.48	3.38	82.76	O[C@@H]1CC[C@H](CC1)NC(=O)c2cnn3ccc(nc23)N4CCC[C@@H]4c5cc(F)ccc5F	IC50	0.45
CHEMBL3671142	397.43	3.63	62.53	Fc1ccc(F)c(c1)[C@H]2CCCN2c3ccn4ncc(C(=O)NC5CCC5)c4n3	IC50	0.55
CHEMBL3671412	478.94	3.67	111.89	COCC(C)(C)n1cc(C(=O)c2cncc(NC(=O)Cc3ccc(Cl)cn3)c2)c4cncnc14	IC50	1.57
CHEMBL3671431	551.63	1.94	173.4	CN(c1ccc(CC(=O)Nc2cncc(c2)C(=O)c3cn(c4nc(N)ncc34)C(C)(C)CO)cc1)S(=O)(=O)C	IC50	9.47
CHEMBL3671443	495.46	4	99	CC1(COC1)n2cc(C(=O)c3cncc(NC(=O)Cc4ccc(cc4)C(F)(F)F)c3)c5cncnc25	IC50	2.92
CHEMBL3673480	461.55	3.81	105.9	COc1cc(Cn2c(N)nc3cc(cnc23)c4cnn(C)c4)ccc1OCc5csc(C)n5	IC50	0.5
CHEMBL3676099	410.45	2.19	84.53	CN1C=C(F)C=C([C@H]2CCCN2c3ccn4ncc(C(=O)NC5(C)CC5)c4n3)C1=O	IC50	2.1
CHEMBL3659494	363.4	3.73	84.31	C[C@H](Nc1ccc2ncn(c3cc([nH]n3)C4CC4)c2n1)c5ccc(F)cn5	IC50	3
CHEMBL3979739	551.37	6.13	118.43	OC(=NCc1cocn1)c2cc(NC(=O)c3cc(c(Cl)cc3Cl)c4ncccc4F)n(n2)c5ccccc5	IC50	5.01
CHEMBL3981141	562.51	5.13	152.68	CS(=O)(=O)c1ccc(cc1NC(=Nc2cnc(Oc3ccc(cc3)c4cc(F)cnc4N)nc2)O)C(F)(F)F	IC50	0.4
CHEMBL94678	467.48	3.66	94.72	COC(=O)[C@]1(O)C[C@H]2O[C@]1(C)n3c4ccccc4c5c6CNC(=O)c6c7c8ccccc8n2c7c35	IC50	1.2
CHEMBL3954937	579.42	5.28	136.97	CN1NC(=N)C=C1CN=C(O)c2cc(NC(=O)c3cc(c(Cl)cc3Cl)c4ncccc4F)n(n2)c5ccccc5	IC50	7.91
CHEMBL3929612	604.66	8.21	107.78	CCN=C1NC=C(S1)c2ccc(Oc3ccc(cn3)N=C(O)Nc4cc(cnc4c5ccc(C)c(C)c5)C(F)(F)F)cc2	IC50	6
CHEMBL3940562	556	5.92	117.32	CNc1ncccc1CN=C(O)c2cc(NC(=O)c3cc(c(F)cc3Cl)c4ccccn4)n(n2)c5ccccc5	IC50	9.98
CHEMBL3942676	540.38	5.46	112.63	OC(=NCC1(O)CC1)c2cc(NC(=O)c3cc(c(Cl)cc3Cl)c4ncccc4F)n(n2)c5ccccc5	IC50	6.37
CHEMBL3922194	565.4	5.27	123.11	Cn1nncc1CN=C(O)c2cc(NC(=O)c3cc(c(Cl)cc3Cl)c4ncccc4F)n(n2)c5ccccc5	IC50	5.96
CHEMBL3905830	493.9	5.59	92.4	OC(=NC1CC1)c2cc(NC(=O)c3cc(c(F)cc3Cl)c4ncccc4F)n(n2)c5ccccc5	IC50	8.87
CHEMBL3678287	515.52	4.53	105.9	COc1cc(Cn2c(N)nc3cc(cnc23)c4cnn(C)c4)ccc1OCc5csc(n5)C(F)(F)F	IC50	0.2
CHEMBL3671136	415.44	2.85	82.76	CC(C)(CO)NC(=O)c1cnn2ccc(nc12)N3CCC[C@@H]3c4cc(F)ccc4F	IC50	1.1
CHEMBL3671141	383.4	3.24	62.53	Fc1ccc(F)c(c1)[C@H]2CCCN2c3ccn4ncc(C(=O)NC5CC5)c4n3	IC50	0.5
CHEMBL3671151	451.48	3.06	80.35	Cn1cncc1CCNC(=O)c2cnn3ccc(nc23)N4CCC[C@@H]4c5cc(F)ccc5F	IC50	1.1
CHEMBL3671156	437.45	2.98	80.35	Fc1ccc(F)c(c1)[C@H]2CCCN2c3ccn4ncc(C(=O)NCCn5ccnc5)c4n3	IC50	2.8
CHEMBL3671318	506.56	3.76	97.12	CC(Cc1cc(F)ccc1F)NC2=C(C(=O)NC=C2)c3nc4cc5CN(CCN(C)C)C(=O)c5cc4[nH]3	IC50	4.334
CHEMBL3671402	495.46	3.74	110	OCC1(CC1)n2cc(C(=O)c3cncc(NC(=O)Cc4ccc(cc4)C(F)(F)F)c3)c5cncnc25	IC50	4.53
CHEMBL3671449	458.53	3.11	133.61	CC(C)(C)n1cc(C(=O)c2cncc(NC(=O)Cn3cc(cn3)C4CC4)c2)c5cnc(N)nc15	IC50	1.9
CHEMBL3673453	543.56	4.97	114.38	COc1ccc(COc2ccc(Cn3c(N)nc4cc(cnc34)c5ccc(nc5)P(=O)(C)C)cc2OC)cc1	IC50	0.5
CHEMBL3675912	453.52	2.74	102.99	OCc1ccc(F)cc1C2CCCN2c3ccn4ncc(C(=O)NC5CCC(O)CC5)c4n3	IC50	1.1
CHEMBL3675927	427.48	2.2	102.99	CC(C)(O)CNC(=O)c1cnn2ccc(nc12)N3CCCC3c4cc(F)ccc4CO	IC50	4.2
CHEMBL3675938	467.42	2.31	102.99	OC[C@@H](O)CNC(=O)c1cnn2ccc(nc12)N3CCC[C@@H]3c4cc(F)ccc4C(F)(F)F	IC50	2.53
CHEMBL3675950	355.37	2.5	71.76	CONC(=O)c1cnn2ccc(nc12)N3CCC[C@@H]3c4cccc(F)c4	IC50	6.95
CHEMBL3675958	386.39	1.39	104.88	CONC(=O)c1cnn2ccc(nc12)N3CCCC3c4cc(F)cnc4CO	IC50	1.77
CHEMBL3675960	494.57	2.81	84.23	Fc1cc(OCCN2CCOCC2)cc(c1)[C@H]3CCCN3c4ccn5ncc(C(=O)NC6CC6)c5n4	IC50	9.38
CHEMBL3675970	421.41	3.39	88.31	Fc1ccc(NC(=O)c2cnn3ccc(nc23)N4CCC[C@@H]4c5cncc(F)c5)nc1	IC50	5.4
CHEMBL3675980	380.43	2.74	75.42	Fc1cncc(c1)C2CCCN2c3ccn4ncc(C(=O)NCC5CC5)c4n3	IC50	7.7
CHEMBL3661606	498.47	3.39	136.02	CC(CO)n1cc(C(=O)c2cncc(NC(=O)Cc3cccc(c3)C(F)(F)F)c2)c4cnc(N)nc14	IC50	3.03
CHEMBL456324	479.94	3.46	140.24	CC(C)Oc1cc(Nc2nc(N[C@@H](C)c3ccc(F)cc3)nc(NC(CO)CO)c2Cl)n[nH]1	EC50	4
CHEMBL2113064	453.5	4.13	77.65	CO[C@]1(CO)C[C@H]2O[C@]1(C)n3c4ccccc4c5c6CNC(=O)c6c7c8ccccc8n2c7c35	IC50	2.9
CHEMBL3985346	556	5.77	131.31	Cc1ccc(CN=C(O)c2cc(NC(=O)c3cc(c(F)cc3Cl)c4ccccn4)n(n2)c5ccccc5)c(N)n1	IC50	2.65
CHEMBL3298268	468.53	3.04	121.23	CC(C)(C)c1cc(NC(=O)Cn2cc(nn2)c3ccc(nc3)n4ccnc4)n(n1)c5cccnc5	Kd	0.94
CHEMBL3952110	464.48	5.02	87.28	COc1ccc(NC(=Nc2cnc3ccc(nn23)N4CCC[C@H]4c5cc(F)ccc5F)O)cc1	IC50	5.5
CHEMBL3955007	438.51	3.52	99.14	Cc1ncc(F)cc1C2CCCN2c3ccn4ncc(C(=NC5CCC(O)CC5)O)c4n3	IC50	7.7
CHEMBL1230609	632.66	5.77	111.25	COc1cc2c(Oc3ccc(NC(=O)C4(CC4)C(=O)Nc5ccc(F)cc5)cc3F)ccnc2cc1OCCCN6CCOCC6	Kd	4.8
CHEMBL3898571	559.96	5.6	131.31	Nc1cccc(CN=C(O)c2cc(NC(=O)c3cc(c(F)cc3Cl)c4ncccc4F)n(n2)c5ccccc5)n1	IC50	2.06
CHEMBL3899159	576.97	7.91	118.54	Nc1ncc(Cl)cc1c2ccc(Oc3ccc(cn3)N=C(O)Nc4cc(ccc4c5cccnc5)C(F)(F)F)cc2	IC50	1
CHEMBL3678285	483.58	4.57	105.9	COc1cc(Cn2c(N)nc3cc(cnc23)c4cnn(C)c4)ccc1OCc5ccc(nc5)C(C)C	IC50	0.2
CHEMBL3671148	427.46	3.26	71.76	Fc1ccc(F)c(c1)[C@H]2CCCN2c3ccn4ncc(C(=O)NC5CCOCC5)c4n3	IC50	0.6
CHEMBL3671396	415.45	3.31	110	CC(C)n1cc(C(=O)c2cncc(NC(=O)C(O)c3ccccc3)c2)c4cncnc14	IC50	7.3
CHEMBL3671421	493.96	3.25	137.91	COCC(C)(C)n1cc(C(=O)c2cncc(NC(=O)Cc3ccc(Cl)cn3)c2)c4cnc(N)nc14	IC50	3.88
CHEMBL3671427	484.52	2.36	153.84	CC(C)(CO)n1cc(C(=O)c2cncc(NC(=O)Cn3cc4ccccc4n3)c2)c5cnc(N)nc15	IC50	4.4
CHEMBL3671435	513.48	2.96	148.91	CC(C)(CO)n1cc(C(=O)c2cncc(NC(=O)Cc3ccc(cn3)C(F)(F)F)c2)c4cnc(N)nc14	IC50	3.75
CHEMBL3671468	516.58	2.73	149.93	CS(=O)(=O)c1cccc(CC(=O)Nc2cncc(c2)C(=O)c3cn(c4nc(N)ncc34)C56CC(C5)C6)c1	IC50	8.11
CHEMBL3673436	469.55	4.66	89.35	COc1ccc(COc2ccc(Cn3c(N)nc4cc(ccc34)c5cnn(C)c5)cc2OC)cc1	IC50	1
CHEMBL3673462	525.61	4.26	101.14	COc1ccc(COc2ccc(Cn3cnc4cc(cnc34)c5cnn(c5)C6CCNCC6)cc2OC)cn1	IC50	1
CHEMBL3673482	485.52	4.86	97.31	COc1ccc(COc2ccc(Cn3c(N)nc4cc(cnc34)c5ccc(F)cc5)cc2OC)cn1	IC50	9
CHEMBL3675942	413.43	3.42	71.76	Fc1ccc(F)c(c1)[C@H]2CCCN2c3ccn4ncc(C(=O)NOCC5CC5)c4n3	IC50	0.57
CHEMBL3675954	396.43	1.99	95.65	OCc1ncc(F)cc1C2CCCN2c3ccn4ncc(C(=O)NC5CC5)c4n3	IC50	1.3
CHEMBL3675955	412.47	2.63	95.65	CC(C)(C)NC(=O)c1cnn2ccc(nc12)N3CCCC3c4cc(F)cnc4CO	IC50	1.8
CHEMBL3675963	433.42	1.36	112.22	OC[C@H](O)CONC(=O)c1cnn2ccc(nc12)N3CCC[C@@H]3c4cc(F)ccc4F	IC50	6.13
CHEMBL3676026	400.41	1.34	104.88	COc1ncc(F)cc1[C@H]2CCCN2c3ccn4ncc(C(=O)NCCO)c4n3	IC50	0.2
CHEMBL3676028	414.44	1.72	104.88	COc1ncc(F)cc1[C@H]2CCCN2c3ccn4ncc(C(=O)NC[C@@H](C)O)c4n3	IC50	2.8
CHEMBL3676033	517.59	1.77	122.03	COc1ncc(F)cc1[C@H]2CCCN2c3ccn4ncc(C(=O)NC5CCN(CC5)S(=O)(=O)C)c4n3	IC50	2.2
CHEMBL3676041	401.42	2.73	71.76	COCCNC(=O)c1cnn2ccc(nc12)N3CCCC3c4cc(F)ccc4F	IC50	2.5
CHEMBL3659500	367.39	3.25	93.54	CCOc1cc(n[nH]1)n2cnc3ccc(N[C@@H](C)c4ccc(F)cn4)nc23	IC50	3
CHEMBL2152283	415.5	3.59	89.29	Nc1cc(OCCN2CCOCC2)cc(c1)c3cnc4[nH]cc(c5ccncc5)c4c3	IC50	8.36
CHEMBL3971279	534.91	5.61	118.43	OC(=NCc1oncc1)c2cc(NC(=O)c3cc(c(F)cc3Cl)c4ncccc4F)n(n2)c5ccccc5	IC50	8.14
CHEMBL3298162	446.47	5.65	94.04	OC(=O)c1cc2c(nccc2n1Cc3noc(n3)c4ccccc4)c5cccc6ccccc56	Kd	7.9
CHEMBL3956444	533.38	5.99	118.43	OC(=NCc1cocn1)c2cc(NC(=O)c3cc(c(Cl)cc3Cl)c4ccccn4)n(n2)c5ccccc5	IC50	7.64
CHEMBL1970142	525.64	5.67	126.96	CNC(=O)C(C)n1cc(cn1)c2cnc(N)c3c(csc23)c4ccc(NC(=O)Nc5ccc(C)cc5)cc4	Ki	6.31
CHEMBL3927785	528.37	5.32	112.63	C[C@@H](CO)N=C(O)c1cc(NC(=O)c2cc(c(Cl)cc2Cl)c3ncccc3F)n(n1)c4ccccc4	IC50	4.73
CHEMBL3930367	556.38	4.7	121.86	OC(=NCC1(O)COC1)c2cc(NC(=O)c3cc(c(Cl)cc3Cl)c4ncccc4F)n(n2)c5ccccc5	IC50	4.22
CHEMBL3932808	547.95	6.09	121.08	Cc1n[nH]c(C)c1N=C(O)c2cc(NC(=O)c3cc(c(F)cc3Cl)c4ncccc4F)n(n2)c5ccccc5	IC50	2.84
CHEMBL3940800	648.59	7.52	125.6	CCCN=C1NC=C(S1)c2ccc(Oc3ncc(cn3)N=C(O)Nc4cc(ccc4n5ccc(n5)C(F)(F)F)C(F)(F)F)cc2	IC50	2
CHEMBL3942203	528.37	5.32	112.63	CC(CO)N=C(O)c1cc(NC(=O)c2cc(c(Cl)cc2Cl)c3ncccc3F)n(n1)c4ccccc4	IC50	6.32
CHEMBL3944160	648.75	6.55	148.47	Cn1ncc2cc(ccc12)n3nc(cc3NC(=Nc4cnc(Oc5ccc(cc5)c6cnc(s6)N7CCCC7=O)nc4)O)C(C)(C)C	IC50	2
CHEMBL3906307	564.41	5.87	110.22	Cn1cc(CN=C(O)c2cc(NC(=O)c3cc(c(Cl)cc3Cl)c4ncccc4F)n(n2)c5ccccc5)cn1	IC50	8.12
CHEMBL3892052	578.96	5.65	152.68	CS(=O)(=O)c1ccc(cc1NC(=Nc2cnc(Oc3ccc(cc3)c4cc(Cl)cnc4N)nc2)O)C(F)(F)F	IC50	0.5
CHEMBL3894154	544.4	5.79	118.18	OC(=NCc1ccncn1)c2cc(NC(=O)c3cc(c(Cl)cc3Cl)c4ccccn4)n(n2)c5ccccc5	IC50	9.1
CHEMBL3671436	502.46	2.22	153.84	CC(C)(CO)n1cc(C(=O)c2cncc(NC(=O)Cn3cc(cn3)C(F)(F)F)c2)c4cnc(N)nc14	IC50	3.11
CHEMBL3671444	495.46	4	99	CC1(COC1)n2cc(C(=O)c3cncc(NC(=O)Cc4cccc(c4)C(F)(F)F)c3)c5cncnc25	IC50	9.5
CHEMBL3673439	568.68	4.46	101.82	COc1ccc(COc2ccc(Cn3c(N)nc4cc(ccc34)c5cnn(CCN6CCOCC6)c5)cc2OC)cc1	IC50	3
CHEMBL3675914	381.46	3.74	62.53	CC(C)(C)NC(=O)c1cnn2ccc(nc12)N3CCC[C@@H]3c4cccc(F)c4	IC50	2.1
CHEMBL3675923	505.55	1.75	125.93	NS(=O)(=O)N1CCC(CC1)NC(=O)c2cnn3ccc(nc23)N4CCCC4c5cc(F)ccc5F	IC50	1.4
CHEMBL3675939	467.42	2.31	102.99	OC[C@H](O)CNC(=O)c1cnn2ccc(nc12)N3CCC[C@@H]3c4cc(F)ccc4C(F)(F)F	IC50	4.55
CHEMBL3675941	373.36	2.64	71.76	CONC(=O)c1cnn2ccc(nc12)N3CCC[C@@H]3c4cc(F)ccc4F	IC50	0.6
CHEMBL3675976	394.45	3.28	75.42	CC1(CCC1)NC(=O)c2cnn3ccc(nc23)N4CCCC4c5cncc(F)c5	IC50	5.2
CHEMBL3676004	422.39	3.29	75.42	C[C@H](NC(=O)c1cnn2ccc(nc12)N3CCCC3c4cncc(F)c4)C(F)(F)F	IC50	1.7
CHEMBL3676029	428.47	2.11	104.88	COc1ncc(F)cc1[C@H]2CCCN2c3ccn4ncc(C(=O)NCC(C)(C)O)c4n3	IC50	9.9
CHEMBL3676040	469.54	2.33	69.01	CN1CCN(CCNC(=O)c2cnn3ccc(nc23)N4CCCC4c5cc(F)ccc5F)CC1	IC50	4.7
CHEMBL3676082	383.43	2.32	82.76	CC(C)NC(=O)c1cnn2ccc(nc12)N3C[C@@H](O)C[C@@H]3c4cccc(F)c4	IC50	5.8
CHEMBL3659502	415.86	4.29	93.54	CC(C)Oc1cc(n[nH]1)n2cnc3cc(Cl)c(N[C@@H](C)c4ccc(F)cn4)nc23	IC50	4
CHEMBL3661462	467.45	4.84	89.77	CC(C)n1cc(C(=O)c2cncc(NC(=O)Cc3ccc(cc3)C(F)(F)F)c2)c4cncnc14	IC50	4.15
CHEMBL3666259	512.49	3.57	136.02	CC(C)(CO)n1cc(C(=O)c2cncc(NC(=O)Cc3cccc(c3)C(F)(F)F)c2)c4cnc(N)nc14	IC50	1.09
CHEMBL3408947	534.66	5.73	79.48	COc1ccc2NC(=O)[C@@]3(C[C@H]3c4ccc5c(\C=C\c6ccc(CN7C[C@@H](C)O[C@@H](C)C7)cc6)n[nH]c5c4)c2c1	IC50	6
CHEMBL3972009	399.45	4.98	66.02	CC(C)(C)C(=Nc1cnn2ccc(nc12)N3CCC[C@H]3c4cc(F)ccc4F)O	IC50	6.3
CHEMBL3974062	482.52	5.57	107.78	CCCN=C1NC=C(S1)c2ccc(Oc3ncc(cn3)N=C(O)Nc4cc(F)ccc4F)cc2	IC50	4
CHEMBL3977894	528.37	5.32	112.63	C[C@H](O)CN=C(O)c1cc(NC(=O)c2cc(c(Cl)cc2Cl)c3ncccc3F)n(n1)c4ccccc4	IC50	5.78
CHEMBL3935446	522.39	5.32	112.63	OCC1(CC1)N=C(O)c2cc(NC(=O)c3cc(c(Cl)cc3Cl)c4ccccn4)n(n2)c5ccccc5	IC50	6.49
CHEMBL3910605	570.41	5.09	121.86	O[C@@H]1COCC[C@H]1N=C(O)c2cc(NC(=O)c3cc(c(Cl)cc3Cl)c4ncccc4F)n(n2)c5ccccc5	IC50	7.1
CHEMBL3915172	576.42	5.94	132.04	OC(=NCC1=CC(=N)NC=C1)c2cc(NC(=O)c3cc(c(Cl)cc3Cl)c4ncccc4F)n(n2)c5ccccc5	IC50	1.02
CHEMBL3894182	576.42	5.94	132.04	OC(=NCC1=CC(=N)NC=C1)c2cc(NC(=O)c3cc(c(Cl)cc3Cl)c4ccc(F)cn4)n(n2)c5ccccc5	IC50	1.43
CHEMBL3894615	454.87	4.65	75.42	Fc1ccc(F)c(c1)[C@@H]2CCCN2c3ccn4ncc(NC(=O)c5cccc(Cl)n5)c4n3	IC50	3.5
CHEMBL3896188	546.42	5.73	110.22	Cn1cc(CN=C(O)c2cc(NC(=O)c3cc(c(Cl)cc3Cl)c4ccccn4)n(n2)c5ccccc5)cn1	IC50	8.23
CHEMBL3900941	542.96	5.58	125.52	OC(=NCc1ccc(O)cn1)c2cc(NC(=O)c3cc(c(F)cc3Cl)c4ccccn4)n(n2)c5ccccc5	IC50	2.27
CHEMBL254050	532.49	4.81	78.43	CC(=O)N1CCN(CC1)C(=O)c2cc(Sc3cnc(Nc4cccc(Br)n4)s3)ccc2C	IC50	1
CHEMBL211160	384.91	3.89	97.11	CC[C@@H](Sc1nsc(NC(=O)NC)c1C(=O)N)c2ccc(Cl)cc2	IC50	4
CHEMBL3678299	508.5	5.44	79.88	COc1cc(ccc1OCc2ccc(nc2)C(F)(F)F)C(C)n3cnc4cc(cnc34)c5cnn(C)c5	IC50	7
CHEMBL176544	275.31	3.07	46.92	Cn1cc(\C=C\2/C(=O)Nc3cccnc23)c4ccccc14	IC50	2
CHEMBL3671129	399.45	3.88	62.53	CC(C)(C)NC(=O)c1cnn2ccc(nc12)N3CCC[C@@H]3c4cc(F)ccc4F	IC50	0.7
CHEMBL3671132	456.5	2.41	75	Fc1ccc(F)c(c1)[C@H]2CCCN2c3ccn4ncc(C(=O)NCCN5CCOCC5)c4n3	IC50	0.95
CHEMBL3671138	357.36	2.71	62.53	CNC(=O)c1cnn2ccc(nc12)N3CCC[C@@H]3c4cc(F)ccc4F	IC50	1.05
CHEMBL3671404	468.52	3.45	144.47	CC(C)(C)n1cc(C(=O)c2cncc(NC(=O)Cc3nc4ccccc4[nH]3)c2)c5cnc(N)nc15	IC50	2.25
CHEMBL3671423	516.48	2.88	142.84	COCC(C)(C)n1cc(C(=O)c2cncc(NC(=O)Cn3ccc(n3)C(F)(F)F)c2)c4cnc(N)nc14	IC50	3.22
CHEMBL3671426	489.54	2.13	155.73	COCC(C)(C)n1cc(C(=O)c2cncc(NC(=O)Cn3cc(nn3)C4CC4)c2)c5cnc(N)nc15	IC50	7.62
CHEMBL3671432	484.52	2.42	164.7	CC(C)(CO)n1cc(C(=O)c2cncc(NC(=O)Cc3nc4ccccc4[nH]3)c2)c5cnc(N)nc15	IC50	5.56
CHEMBL3673483	471.52	3.45	115.13	COc1ccc(COc2ccc(Cn3c(N)nc4cc(cnc34)c5ccn(C)n5)cc2OC)cn1	IC50	3
CHEMBL3673488	468.52	4.12	110.2	COc1ccc(COc2ccc(Cn3c(N)nc4cc(cnc34)c5ccccn5)cc2OC)cn1	IC50	4
CHEMBL3675936	431.44	1.82	102.99	CC(CO)(CO)NC(=O)c1cnn2ccc(nc12)N3CCC[C@@H]3c4cc(F)ccc4F	IC50	2.25
CHEMBL3676019	414.44	1.73	104.88	COc1ncc(F)cc1[C@H]2CCCN2c3ccn4ncc(C(=O)NCCCO)c4n3	IC50	1.1
CHEMBL3676027	414.44	1.72	104.88	COc1ncc(F)cc1[C@H]2CCCN2c3ccn4ncc(C(=O)NC[C@H](C)O)c4n3	IC50	2.1
CHEMBL3676032	449.45	2.55	117.51	COc1ncc(F)cc1[C@H]2CCCN2c3ccn4ncc(C(=O)NC5=CNC(=O)C=C5)c4n3	IC50	3
CHEMBL3676046	415.44	2.85	82.76	CC[C@@H](CO)NC(=O)c1cnn2ccc(nc12)N3CCC[C@@H]3c4cc(F)ccc4F	IC50	2.5
CHEMBL3676074	455.49	1.83	112.22	OCC(O)COc1cc(F)cc(c1)[C@H]2CCCN2c3ccn4ncc(C(=O)NC5CC5)c4n3	IC50	1.7
CHEMBL3661461	467.45	4.84	89.77	CC(C)n1cc(C(=O)c2cncc(NC(=O)Cc3cccc(c3)C(F)(F)F)c2)c4cncnc14	IC50	3.55
CHEMBL3666440	446.54	4.61	102.66	CC(C)n1cc(C(=O)c2cncc(NC(=O)c3csc(n3)C4CCC4)c2)c5cncnc15	IC50	4.06
CHEMBL456802	431.9	4.19	110.78	C[C@H](Nc1nc(NCCO)c(Cl)c(Nc2cc([nH]n2)C3CC3)n1)c4ccc(F)cc4	EC50	3
CHEMBL3949341	428.44	2.96	89.49	CC1(O)CN(C1)C(=Nc2cnc3ccc(nn23)N4CCC[C@H]4c5cc(F)ccc5F)O	IC50	8.9
CHEMBL3952347	634.93	7.45	136.36	Nc1ncc(cc1c2ccc(Oc3ncc(cn3)N=C(O)Nc4cc(ccc4n5cc(Cl)cn5)C(F)(F)F)cc2)C(F)(F)F	IC50	1
CHEMBL3955007	438.51	3.52	99.14	Cc1ncc(F)cc1C2CCCN2c3ccn4ncc(C(=NC5CCC(O)CC5)O)c4n3	IC50	7.7
CHEMBL3937886	536.42	5.83	101.63	OC(=NCC1CCOC1)c2cc(NC(=O)c3cc(c(Cl)cc3Cl)c4ccccn4)n(n2)c5ccccc5	IC50	8.6
CHEMBL3909333	543.41	6.39	105.29	OC(=NCc1ccccn1)c2cc(NC(=O)c3cc(c(Cl)cc3Cl)c4ccccn4)n(n2)c5ccccc5	IC50	6.67
CHEMBL3910586	532.39	5.72	121.08	OC(=NCc1cc[nH]n1)c2cc(NC(=O)c3cc(c(Cl)cc3Cl)c4ccccn4)n(n2)c5ccccc5	IC50	5.117
CHEMBL3916359	512.54	3.97	108.7	CS(=O)(=O)Nc1ccc(cc1)C(=O)Nc2cnc3ccc(nn23)N4CCC[C@H]4c5cc(F)ccc5F	IC50	2.1
CHEMBL3918364	564.41	6.17	121.08	Cc1ncc(CN=C(O)c2cc(NC(=O)c3cc(c(Cl)cc3Cl)c4ncccc4F)n(n2)c5ccccc5)[nH]1	IC50	4.71
CHEMBL3921554	416.46	4.55	78.91	Cc1cccnc1C(=Nc2cnn3ccc(nc23)N4CCC[C@H]4c5cccc(F)c5)O	IC50	6.2
CHEMBL3925946	387.35	2.37	99.83	OC(=O)C(=O)Nc1cnn2ccc(nc12)N3CCC[C@H]3c4cc(F)ccc4F	IC50	4.7
CHEMBL254267	474.41	5.1	81.91	CN(CC#N)C(=O)c1cc(Sc2cnc(Nc3cccc(Br)n3)s2)ccc1C	IC50	2
CHEMBL176857	502.16	5.48	71.45	COc1ccccc1c2cc(\C=C\3/C(=O)Nc4ncc(Br)cc34)cc(Br)c2O	IC50	8
CHEMBL3671142	397.43	3.63	62.53	Fc1ccc(F)c(c1)[C@H]2CCCN2c3ccn4ncc(C(=O)NC5CCC5)c4n3	IC50	0.55
CHEMBL3671143	437.49	4.27	62.53	Fc1ccc(F)c(c1)[C@H]2CCCN2c3ccn4ncc(C(=O)N[C@H]5CC6CCC5C6)c4n3	IC50	0.6
CHEMBL3671403	485.43	2.39	127.82	OCC1(CC1)n2cc(C(=O)c3cncc(NC(=O)Cn4ccc(n4)C(F)(F)F)c3)c5cncnc25	IC50	9.48
CHEMBL3671449	458.53	3.11	133.61	CC(C)(C)n1cc(C(=O)c2cncc(NC(=O)Cn3cc(cn3)C4CC4)c2)c5cnc(N)nc15	IC50	1.9
CHEMBL3673436	469.55	4.66	89.35	COc1ccc(COc2ccc(Cn3c(N)nc4cc(ccc34)c5cnn(C)c5)cc2OC)cc1	IC50	0.3
CHEMBL3673487	468.52	4.12	110.2	COc1ccc(COc2ccc(Cn3c(N)nc4cc(cnc34)c5cccnc5)cc2OC)cn1	IC50	5
CHEMBL3675925	450.47	1.37	122.69	NS(=O)(=O)CCNC(=O)c1cnn2ccc(nc12)N3CCCC3c4cc(F)ccc4F	IC50	1.5
CHEMBL3675950	355.37	2.5	71.76	CONC(=O)c1cnn2ccc(nc12)N3CCC[C@@H]3c4cccc(F)c4	IC50	6.95
CHEMBL3675973	434.4	3.43	75.42	Fc1cncc(c1)[C@H]2CCCN2c3ccn4ncc(C(=O)NC5(CC5)C(F)(F)F)c4n3	IC50	9
CHEMBL3676017	430.44	0.7	125.11	COc1ncc(F)cc1[C@H]2CCCN2c3ccn4ncc(C(=O)NC[C@H](O)CO)c4n3	IC50	8
CHEMBL3676027	414.44	1.72	104.88	COc1ncc(F)cc1[C@H]2CCCN2c3ccn4ncc(C(=O)NC[C@H](C)O)c4n3	IC50	2.1
CHEMBL3676074	455.49	1.83	112.22	OCC(O)COc1cc(F)cc(c1)[C@H]2CCCN2c3ccn4ncc(C(=O)NC5CC5)c4n3	IC50	1.7
CHEMBL3676077	415.43	1.04	126.21	NC(=O)c1cnn2ccc(nc12)N3CCC[C@@H]3c4cc(F)ccc4OCC(O)CO	IC50	4.2
CHEMBL3659498	383.39	2.22	113.77	CCOc1cc(n[nH]1)n2cnc3ccc(N[C@@H](CO)c4ccc(F)cn4)nc23	IC50	3
CHEMBL457608	373.82	4.18	91.41	C[C@H](Nc1ncc(Cl)c(Nc2cc([nH]n2)C3CC3)n1)c4ccc(F)cn4	EC50	1
CHEMBL457614	391.84	4.09	100.64	CC(C)Oc1cc(Nc2nc(N[C@@H](C)c3ccc(F)cn3)ncc2Cl)n[nH]1	EC50	1
CHEMBL2037225	517.51	7.22	98.05	Cc1ccc(NC(=O)Nc2cccc(c2)C(F)(F)F)cc1Nc3ccc4\C(=C\c5ccc[nH]5)\C(=O)Nc4c3	IC50	9
CHEMBL3952298	532.39	5.72	121.08	OC(=NCc1cn[nH]c1)c2cc(NC(=O)c3cc(c(Cl)cc3Cl)c4ccccn4)n(n2)c5ccccc5	IC50	1.806
CHEMBL3962675	576.97	7.91	118.54	Nc1ncc(Cl)cc1c2ccc(Oc3ncc(cn3)N=C(O)Nc4cc(ccc4c5ccccc5)C(F)(F)F)cc2	IC50	4
CHEMBL3936753	414.46	4.28	78.05	CC(C)(C)NC(=Nc1cnc2ccc(nn12)N3CCC[C@H]3c4cc(F)ccc4F)O	IC50	9.8
CHEMBL1967116	454.56	5.9	97.86	Cc1cccc(NC(=O)Nc2ccc(cc2)c3csc4c(cnc(N)c34)c5cnn(C)c5)c1	Ki	7.943
CHEMBL3910954	568.52	6.72	122.71	OC(=Nc1cnc(Oc2ccc(cc2)c3cnc4cnccn34)nc1)Nc5cc(ccc5c6cccnc6)C(F)(F)F	IC50	1
CHEMBL3892605	420.42	4.38	78.91	OC(=Nc1cnn2ccc(nc12)N3CCC[C@H]3c4cc(F)ccc4F)c5ccccn5	IC50	1.7
CHEMBL3894479	460.46	3.76	89.49	O[C@H]1CCN(C1)C(=Nc2cnn3ccc(nc23)N4CCC[C@@H]4c5cc(F)ccc5C(F)F)O	IC50	8.7
CHEMBL3109645	392.38	4.9	70.25	CC(C)N(Cc1c[nH]c2ncccc12)C(=O)Nc3ccc(OC(F)(F)F)cc3	IC50	3
CHEMBL254555	437.5	4.98	83.22	C[C@H](OC(=O)NCC=C)[C@H]1c2ccccc2c3c1c4[nH]c5ccccc5c4c6CNC(=O)c36	IC50	9
CHEMBL3678285	483.58	4.57	105.9	COc1cc(Cn2c(N)nc3cc(cnc23)c4cnn(C)c4)ccc1OCc5ccc(nc5)C(C)C	IC50	0.2
CHEMBL3671143	437.49	4.27	62.53	Fc1ccc(F)c(c1)[C@H]2CCCN2c3ccn4ncc(C(=O)N[C@H]5CC6CCC5C6)c4n3	IC50	0.6
CHEMBL3671153	437.45	3.04	91.21	Fc1ccc(F)c(c1)[C@H]2CCCN2c3ccn4ncc(C(=O)NCCc5cnc[nH]5)c4n3	IC50	0.4
CHEMBL3671472	473.92	3.38	128.68	Nc1ncc2c(cn(c2n1)C34CC(C3)C4)C(=O)c5cncc(NC(=O)Cc6ccc(Cl)cn6)c5	IC50	0.681
CHEMBL3675932	429.45	0.79	123.22	OCC(O)CNC(=O)c1cnn2ccc(nc12)N3CCCC3c4cc(F)ccc4CO	IC50	2.4
CHEMBL3675943	371.39	3.23	76.52	CC1(C)CC[C@@H](N1c2ccn3ncc(C(=O)N)c3n2)c4cc(F)ccc4F	IC50	5.1
CHEMBL3675980	380.43	2.74	75.42	Fc1cncc(c1)C2CCCN2c3ccn4ncc(C(=O)NCC5CC5)c4n3	IC50	7.7
CHEMBL3676020	430.44	0.7	125.11	COc1ncc(F)cc1[C@H]2CCCN2c3ccn4ncc(C(=O)NCC(O)CO)c4n3	IC50	6.1
CHEMBL3676041	401.42	2.73	71.76	COCCNC(=O)c1cnn2ccc(nc12)N3CCCC3c4cc(F)ccc4F	IC50	2.5
CHEMBL3676105	450.48	3.15	113.33	CCc1cc(NC(=O)c2cnn3ccc(nc23)N4CCCC4c5cc(F)cnc5OC)[nH]n1	IC50	9
CHEMBL3666256	472.43	3.07	133.61	CC(C)n1cc(C(=O)c2cncc(NC(=O)Cn3ccc(n3)C(F)(F)F)c2)c4cnc(N)nc14	IC50	5.18
CHEMBL3666257	444.5	2.93	133.61	CC(C)n1cc(C(=O)c2cncc(NC(=O)Cn3ccc(n3)C4CC4)c2)c5cnc(N)nc15	IC50	3.92
CHEMBL3666395	439.48	4.08	118.45	CC(C)n1cc(C(=O)c2cncc(NC(=O)c3c[nH]c4ncc(C)cc34)c2)c5cncnc15	IC50	5.18
CHEMBL2151323	383.39	2.43	119.32	CC(C)Oc1cc(n[nH]1)n2cnc3cnc(N[C@@H](C)c4ncc(F)cn4)nc23	IC50	3
CHEMBL3970836	540.38	5.73	101.63	CC1(COC1)N=C(O)c2cc(NC(=O)c3cc(c(Cl)cc3Cl)c4ncccc4F)n(n2)c5ccccc5	IC50	5.95
CHEMBL3951249	451.4	5.28	66.02	OC(=Nc1cnn2ccc(nc12)N3CCC[C@H]3c4cc(F)ccc4F)C5(CC5)C(F)(F)F	IC50	5.2
CHEMBL3960393	454.87	4.65	75.42	Fc1ccc(F)c(c1)[C@@H]2CCCN2c3ccn4ncc(NC(=O)c5cc(Cl)ccn5)c4n3	IC50	4
CHEMBL3965077	414.42	2.57	89.49	OC1CN(C1)C(=Nc2cnc3ccc(nn23)N4CCC[C@H]4c5cc(F)ccc5F)O	IC50	9.4
CHEMBL3935820	452.44	5.15	78.05	OC(=Nc1cnn2ccc(nc12)N3CCC[C@H]3c4cc(F)ccc4F)Nc5ccc(F)cc5	IC50	4.6
CHEMBL3938428	626.6	6.27	130.88	Cn1nccc1c2ccc(cc2NC(=Nc3cnc(Oc4ccc(cc4)c5cnn6ccc(nc56)N7CCC7)nc3)O)C(F)(F)F	IC50	1
CHEMBL3942060	540.38	5.46	112.63	O[C@@H]1C[C@H](C1)N=C(O)c2cc(NC(=O)c3cc(c(Cl)cc3Cl)c4ncccc4F)n(n2)c5ccccc5	IC50	4.69
CHEMBL3908953	564.41	6.61	121.08	Cc1n[nH]c(C)c1N=C(O)c2cc(NC(=O)c3cc(c(Cl)cc3Cl)c4ncccc4F)n(n2)c5ccccc5	IC50	2.45
CHEMBL3892570	550.45	6.1	112.63	O[C@@H]1CC[C@@H](CC1)N=C(O)c2cc(NC(=O)c3cc(c(Cl)cc3Cl)c4ccccn4)n(n2)c5ccccc5	IC50	7.23
CHEMBL3671137	484.55	3.19	75	CC(C)(CN1CCOCC1)NC(=O)c2cnn3ccc(nc23)N4CCC[C@@H]4c5cc(F)ccc5F	IC50	3.45
CHEMBL3671152	455.47	2.1	94.87	Fc1ccc(F)c(c1)[C@H]2CCCN2c3ccn4ncc(C(=O)NCCN5CCNC5=O)c4n3	IC50	3.6
CHEMBL3671447	497.43	3.95	108.23	CC1(COC1)n2cc(C(=O)c3cncc(NC(=O)c4cccc(OC(F)(F)F)c4)c3)c5cncnc25	IC50	3.09
CHEMBL3673452	470.53	4.06	102.24	COc1ccc(COc2ccc(Cn3c(N)nc4cc(cnc34)c5cnn(C)c5)cc2OC)cc1	IC50	0.3
CHEMBL3675931	468.53	1.76	95.23	OCc1ccc(F)cc1C2CCCN2c3ccn4ncc(C(=O)NCCN5CCOCC5)c4n3	IC50	2.25
CHEMBL3675938	467.42	2.31	102.99	OC[C@@H](O)CNC(=O)c1cnn2ccc(nc12)N3CCC[C@@H]3c4cc(F)ccc4C(F)(F)F	IC50	2.53
CHEMBL3675968	368.42	2.74	75.42	CC(C)NC(=O)c1cnn2ccc(nc12)N3CCC[C@@H]3c4cncc(F)c4	IC50	5.1
CHEMBL3675973	434.4	3.43	75.42	Fc1cncc(c1)[C@H]2CCCN2c3ccn4ncc(C(=O)NC5(CC5)C(F)(F)F)c4n3	IC50	9
CHEMBL3675997	394.45	3.13	75.42	C[C@@H](NC(=O)c1cnn2ccc(nc12)N3CCC[C@@H]3c4cncc(F)c4)C5CC5	IC50	6.4
CHEMBL3676005	408.36	2.9	75.42	Fc1cncc(c1)[C@H]2CCCN2c3ccn4ncc(C(=O)NCC(F)(F)F)c4n3	IC50	5
CHEMBL3676036	401.42	2.46	82.76	C[C@@H](O)CNC(=O)c1cnn2ccc(nc12)N3CCCC3c4cc(F)ccc4F	IC50	2.2
CHEMBL3676047	429.47	3.1	82.76	CC(C)[C@@H](CO)NC(=O)c1cnn2ccc(nc12)N3CCCC3c4cc(F)ccc4F	IC50	8.5
CHEMBL3661627	513.48	2.96	130.23	CC(CO)(CO)n1cc(C(=O)c2cncc(NC(=O)Cc3cccc(c3)C(F)(F)F)c2)c4cncnc14	IC50	9.36
CHEMBL3666248	482.47	4.42	115.79	CC(C)n1cc(C(=O)c2cncc(NC(=O)Cc3ccc(cc3)C(F)(F)F)c2)c4cnc(N)nc14	IC50	4.69
CHEMBL3666248	482.47	4.42	115.79	CC(C)n1cc(C(=O)c2cncc(NC(=O)Cc3ccc(cc3)C(F)(F)F)c2)c4cnc(N)nc14	IC50	4.69
CHEMBL3666259	512.49	3.57	136.02	CC(C)(CO)n1cc(C(=O)c2cncc(NC(=O)Cc3cccc(c3)C(F)(F)F)c2)c4cnc(N)nc14	IC50	1.09
CHEMBL3974941	582.55	7.03	122.71	Cc1ccn2ncc(c3ccc(Oc4ncc(cn4)N=C(O)Nc5cc(ccc5c6cccnc6)C(F)(F)F)cc3)c2n1	IC50	0.7
CHEMBL3979424	533.93	5.35	121.08	OC(=NCc1cn[nH]c1)c2cc(NC(=O)c3cc(c(F)cc3Cl)c4ccc(F)cn4)n(n2)c5ccccc5	IC50	4.91
CHEMBL3952185	541.37	5.52	124.99	CN=C(O)CN=C(O)c1cc(NC(=O)c2cc(c(Cl)cc2Cl)c3ncccc3F)n(n1)c4ccccc4	IC50	9.37
CHEMBL3910457	401.37	2.46	88.83	COC(=O)C(=O)Nc1cnn2ccc(nc12)N3CCC[C@H]3c4cc(F)ccc4F	IC50	7.65
CHEMBL3896203	617.61	7.26	125.72	OC(=Nc1cnc(Oc2ccc(cc2)c3cnc(s3)N4CCCC4=O)nc1)Nc5cc(cnc5c6ccccc6)C(F)(F)F	IC50	4
CHEMBL3898652	540.38	5.73	101.63	OC(=N[C@@H]1CCOC1)c2cc(NC(=O)c3cc(c(Cl)cc3Cl)c4ncccc4F)n(n2)c5ccccc5	IC50	4.41
CHEMBL3678297	522.53	5.63	93.01	COc1cc(ccc1OCc2ccc(cc2)C(F)(F)F)[C@H](C)n3c(N)nc4cc(cnc34)c5cnn(C)c5	IC50	5
CHEMBL3671130	420.42	4	75.42	Fc1ccc(F)c(c1)[C@H]2CCCN2c3ccn4ncc(C(=O)Nc5ccccn5)c4n3	IC50	0.7
CHEMBL3671133	437.45	4.18	75.67	Cc1oc(CNC(=O)c2cnn3ccc(nc23)N4CCC[C@@H]4c5cc(F)ccc5F)cc1	IC50	0.95
CHEMBL3671138	357.36	2.71	62.53	CNC(=O)c1cnn2ccc(nc12)N3CCC[C@@H]3c4cc(F)ccc4F	IC50	1.05
CHEMBL3671145	415.44	2.85	82.76	CC(C)(O)CNC(=O)c1cnn2ccc(nc12)N3CCC[C@@H]3c4cc(F)ccc4F	IC50	2.15
CHEMBL3671398	453.51	3.45	139.58	CC(C)(C)n1cc(C(=O)c2cncc(NC(=O)Cc3ccc(cc3)C#N)c2)c4cnc(N)nc14	IC50	4.57
CHEMBL3671405	508.38	3.73	128.68	CC(C)(C)n1cc(C(=O)c2cncc(NC(=O)Cc3ccc(Br)cn3)c2)c4cnc(N)nc14	IC50	3.93
CHEMBL3671435	513.48	2.96	148.91	CC(C)(CO)n1cc(C(=O)c2cncc(NC(=O)Cc3ccc(cn3)C(F)(F)F)c2)c4cnc(N)nc14	IC50	3.75
CHEMBL3673436	469.55	4.66	89.35	COc1ccc(COc2ccc(Cn3c(N)nc4cc(ccc34)c5cnn(C)c5)cc2OC)cc1	IC50	1
CHEMBL3675913	423.49	3.24	82.76	O[C@@H]1CC[C@H](CC1)NC(=O)c2cnn3ccc(nc23)N4CCC[C@@H]4c5cccc(F)c5	IC50	1.2
CHEMBL3675914	381.46	3.74	62.53	CC(C)(C)NC(=O)c1cnn2ccc(nc12)N3CCC[C@@H]3c4cccc(F)c4	IC50	2.1
CHEMBL3675918	417.44	3.83	62.53	CC(C)(CF)NC(=O)c1cnn2ccc(nc12)N3CCC[C@@H]3c4cc(F)ccc4F	IC50	0.8
CHEMBL3675932	429.45	0.79	123.22	OCC(O)CNC(=O)c1cnn2ccc(nc12)N3CCCC3c4cc(F)ccc4CO	IC50	2.4
CHEMBL3675933	492.55	2.41	108.7	CC(C)(CNS(=O)(=O)C)NC(=O)c1cnn2ccc(nc12)N3CCCC3c4cc(F)ccc4F	IC50	3.93
CHEMBL3675997	394.45	3.13	75.42	C[C@@H](NC(=O)c1cnn2ccc(nc12)N3CCC[C@@H]3c4cncc(F)c4)C5CC5	IC50	6.4
CHEMBL3676003	422.39	3.29	75.42	C[C@@H](NC(=O)c1cnn2ccc(nc12)N3CCCC3c4cncc(F)c4)C(F)(F)F	IC50	8
CHEMBL3676024	370.39	1.97	84.65	CNC(=O)c1cnn2ccc(nc12)N3CCC[C@@H]3c4cc(F)cnc4OC	IC50	2.1
CHEMBL3676030	483.55	1.8	108.12	COc1ncc(F)cc1[C@H]2CCCN2c3ccn4ncc(C(=O)NC5CCN(CCO)CC5)c4n3	IC50	4.3
CHEMBL3676034	387.39	2.07	82.76	OCCNC(=O)c1cnn2ccc(nc12)N3CCCC3c4cc(F)ccc4F	IC50	1.1
CHEMBL3676045	401.42	2.46	82.76	C[C@@H](CO)NC(=O)c1cnn2ccc(nc12)N3CCC[C@@H]3c4cc(F)ccc4F	IC50	1.8
CHEMBL3545365	510.47	5	109.42	Fc1ccc(NC(=O)C2(CC2)C(=O)Nc3cc(F)c(Oc4ccnc(NC(=O)C5CC5)c4)cc3F)cc1	IC50	0.85
CHEMBL388978	466.54	4.35	69.45	CN[C@@H]1C[C@H]2O[C@@](C)([C@@H]1OC)n3c4ccccc4c5c6CNC(=O)c6c7c8ccccc8n2c7c35	Kd	4
CHEMBL3968335	550.38	6.3	121.08	Cc1n[nH]cc1N=C(O)c2cc(NC(=O)c3cc(c(Cl)cc3Cl)c4ncccc4F)n(n2)c5ccccc5	IC50	1.51
CHEMBL3969718	504.44	4.03	118.42	CC(C)(CO)n1cc(C(=O)c2cncc(c2)N=C(O)Cn3ccc(n3)C(F)(F)F)c4cncc(F)c14	IC50	2.92
CHEMBL3972751	434.45	5.01	78.05	OC(=Nc1ccccc1)Nc2cnn3ccc(nc23)N4CCC[C@H]4c5cc(F)ccc5F	IC50	5
CHEMBL3984865	544.4	5.79	118.18	OC(=NCc1cnccn1)c2cc(NC(=O)c3cc(c(Cl)cc3Cl)c4ccccn4)n(n2)c5ccccc5	IC50	4.98
CHEMBL3954827	610.6	7.39	113.06	CN(C)c1ccn2ncc(c3ccc(Oc4ncc(cn4)N=C(O)Nc5cc(ccc5c6ccccc6)C(F)(F)F)cc3)c2n1	IC50	2
CHEMBL3957446	496.49	5.24	100.6	CC(C)(CO)n1cc(C(=O)c2cncc(c2)N=C(O)Cc3ccc(cc3)C(F)(F)F)c4cnccc14	IC50	3.11
CHEMBL3959200	464.48	5.02	87.28	COc1ccc(NC(=Nc2cnn3ccc(nc23)N4CCC[C@H]4c5cc(F)ccc5F)O)cc1	IC50	4.8
CHEMBL3966928	434.45	5.01	78.05	OC(=Nc1ccccc1)Nc2cnc3ccc(nn23)N4CCC[C@H]4c5cc(F)ccc5F	IC50	8.3
CHEMBL3930935	498.35	5.96	92.4	CCN=C(O)c1cc(NC(=O)c2cc(c(Cl)cc2Cl)c3ncccc3F)n(n1)c4ccccc4	IC50	4.97
CHEMBL3931763	562.39	5.93	118.18	OC(=NCc1cncnc1)c2cc(NC(=O)c3cc(c(Cl)cc3Cl)c4ncccc4F)n(n2)c5ccccc5	IC50	2.02
CHEMBL3933154	533.38	5.99	118.43	OC(=NCc1ccon1)c2cc(NC(=O)c3cc(c(Cl)cc3Cl)c4ccccn4)n(n2)c5ccccc5	IC50	8.34
CHEMBL3909331	561.5	6.79	131.43	Nc1ncc(F)cc1c2ccc(Oc3ncc(cn3)N=C(O)Nc4cc(ccc4c5cccnc5)C(F)(F)F)cc2	IC50	1
CHEMBL3911127	521.98	5.36	112.63	Cc1cc(Cl)c(cc1c2ncccc2F)C(=O)Nc3cc(nn3c4ccccc4)C(=NCC(C)(C)O)O	IC50	9.67
CHEMBL3916029	636.74	6.59	139.88	CC(C)(C)c1cc(NC(=Nc2cnc(Oc3ccc(cc3)c4cnc(s4)N5CCCC5=O)nc2)O)n(n1)c6ccc7OCCc7c6	IC50	4
CHEMBL3902802	424.48	3.21	99.14	OC1CCC(CC1)N=C(O)c2cnn3ccc(nc23)N4CCC[C@@H]4c5cncc(F)c5	IC50	7
CHEMBL254895	547.5	3.75	104.45	Cc1ccc(Sc2cnc(Nc3cccc(Br)n3)s2)cc1C(=O)N4CCN(CC4)C(=O)CN	IC50	0.6
CHEMBL1794058	329.38	2.46	87.3	CS(=O)(=O)Nc1ccc(N\C=C\2/C(=O)Nc3ccccc23)cc1	IC50	6
CHEMBL3678286	522.53	5.15	93.01	COc1cc(Cn2c(N)nc3cc(cnc23)c4cnn(C)c4)ccc1OCc5ccc(CC(F)(F)F)cc5	IC50	0.2
CHEMBL175321	263.3	3.2	49.33	Oc1ccc2\C(=C\3/C(=O)Nc4ccccc34)\CCc2c1	IC50	6
CHEMBL3671130	420.42	4	75.42	Fc1ccc(F)c(c1)[C@H]2CCCN2c3ccn4ncc(C(=O)Nc5ccccn5)c4n3	IC50	0.7
CHEMBL3671131	434.45	4.3	75.42	Cc1cccnc1NC(=O)c2cnn3ccc(nc23)N4CCC[C@@H]4c5cc(F)ccc5F	IC50	2.3
CHEMBL3671415	461.5	3.76	99	COCC(C)(C)n1cc(C(=O)c2cncc(NC(=O)Cc3ccc(F)cc3)c2)c4cncnc14	IC50	4.08
CHEMBL3671471	463.5	3.2	139.58	Nc1ncc2c(cn(c2n1)C34CC(C3)C4)C(=O)c5cncc(NC(=O)Cc6ccc(cc6)C#N)c5	IC50	9.79
CHEMBL3673463	509.61	4.56	91.91	COc1cc(Cn2cnc3cc(cnc23)c4cnn(c4)C5CCNCC5)ccc1OCc6ccc(C)nc6	IC50	0.9
CHEMBL3675915	365.41	3.1	62.53	Fc1cccc(c1)[C@H]2CCCN2c3ccn4ncc(C(=O)NC5CC5)c4n3	IC50	1.65
CHEMBL3675946	400.43	3.08	75.42	CC(C)(CF)NC(=O)c1cnn2ccc(nc12)N3CCC[C@@H]3c4cncc(F)c4	IC50	8.65
CHEMBL3675963	433.42	1.36	112.22	OC[C@H](O)CONC(=O)c1cnn2ccc(nc12)N3CCC[C@@H]3c4cc(F)ccc4F	IC50	6.13
CHEMBL3675970	421.41	3.39	88.31	Fc1ccc(NC(=O)c2cnn3ccc(nc23)N4CCC[C@@H]4c5cncc(F)c5)nc1	IC50	5.4
CHEMBL3675987	394.45	3.13	75.42	CC(NC(=O)c1cnn2ccc(nc12)N3CCCC3c4cncc(F)c4)C5CC5	IC50	3.2
CHEMBL3676008	390.37	2.6	75.42	FC(F)CNC(=O)c1cnn2ccc(nc12)N3CCC[C@@H]3c4cncc(F)c4	IC50	7.4
CHEMBL3676038	427.46	2.99	82.76	O[C@H]1CC[C@@H](C1)NC(=O)c2cnn3ccc(nc23)N4CCC[C@@H]4c5cc(F)ccc5F	IC50	0.9
CHEMBL3676072	495.56	3.63	90.22	CC1(C)OCC(COc2cc(F)cc(c2)[C@H]3CCCN3c4ccn5ncc(C(=O)NC6CC6)c5n4)O1	IC50	3.9
CHEMBL3659496	364.39	3.12	97.2	C[C@H](Nc1ncc2ncn(c3cc([nH]n3)C4CC4)c2n1)c5ccc(F)cn5	IC50	5
CHEMBL3659497	382.4	3.03	106.43	CC(C)Oc1cc(n[nH]1)n2cnc3ccc(N[C@@H](C)c4ncc(F)cn4)nc23	IC50	3
CHEMBL3659501	395.44	4.03	93.54	CC[C@H](Nc1ccc2ncn(c3cc(OC(C)C)[nH]n3)c2n1)c4ccc(F)cn4	IC50	6
CHEMBL3666246	449.9	3.45	128.68	CC(C)n1cc(C(=O)c2cncc(NC(=O)Cc3ccc(Cl)cn3)c2)c4cnc(N)nc14	IC50	8.71
CHEMBL3639748	411.46	4.02	62.53	CC1(C)CC[C@@H](N1c2ccn3ncc(C(=O)NC4CC4)c3n2)c5cc(F)ccc5F	IC50	6.6
CHEMBL456322	461.93	3.55	131.01	C[C@H](Nc1nc(NC(CO)CO)c(Cl)c(Nc2cc([nH]n2)C3CC3)n1)c4ccc(F)cc4	EC50	3
CHEMBL458286	390.85	4.7	87.75	CC(C)Oc1cc(Nc2nc(N[C@@H](C)c3ccc(F)cc3)ncc2Cl)n[nH]1	EC50	6
CHEMBL3582441	501.57	3.48	90.1	OC(=O)CN1CCN(CC1)c2cc(ccn2)c3cnc4ccc(nn34)N5CCC[C@@H]5c6cccc(F)c6	IC50	1
CHEMBL2152285	441.52	4.67	113.76	Nc1cc(NS(=O)(=O)c2ccccc2)cc(c1)c3cnc4[nH]cc(c5ccncc5)c4c3	IC50	9.4
CHEMBL3975036	541.97	5.29	132.04	OC(=NCC1=CC(=N)NC=C1)c2cc(NC(=O)c3cc(ccc3Cl)c4ncccc4F)n(n2)c5ccccc5	IC50	3.37
CHEMBL3976441	566.93	6.43	136.36	Nc1ncc(Cl)cc1c2ccc(Oc3ncc(cn3)N=C(O)Nc4ccc(cc4n5cccn5)C(F)(F)F)cc2	IC50	1
CHEMBL2010872	477.57	4.73	89.66	CC(C)Cn1c2ccc(Nc3ncccn3)cc2c4c5CNC(=O)c5c6c(CCc7nn(C)cc67)c14	IC50	3
CHEMBL3915877	611.59	6.78	125.95	CN(C)c1ccn2ncc(c3ccc(Oc4ncc(cn4)N=C(O)Nc5cc(ccc5c6cccnc6)C(F)(F)F)cc3)c2n1	IC50	1
CHEMBL3892403	624.63	7.48	125.08	CCN=C1Nc2c(cnn2C=C1)c3ccc(Oc4ncc(cn4)N=C(O)Nc5cc(ccc5c6cccc(C)c6)C(F)(F)F)cc3	IC50	4
CHEMBL3902763	405.44	3.2	80.35	Cn1ccc(n1)C(=O)Nc2cnn3ccc(nc23)N4CCC[C@H]4c5cccc(F)c5	IC50	8.5
CHEMBL3904952	454.51	3.22	108.37	COc1ncc(F)cc1[C@H]2CCCN2c3ccn4ncc(C(=NC5CCC(O)CC5)O)c4n3	IC50	0.9
CHEMBL281948	467.48	3.66	94.72	COC(=O)[C@@]1(O)C[C@H]2O[C@]1(C)n3c4ccccc4c5c6CNC(=O)c6c7c8ccccc8n2c7c35	IC50	2.4
CHEMBL603469	439.47	3.47	88.65	C[C@]12O[C@H](C[C@]1(O)CO)n3c4ccccc4c5c6C(=O)NCc6c7c8ccccc8n2c7c35	Kd	8.3
CHEMBL1794056	303.32	2.67	71.84	O=C1Nc2ccccc2/C/1=C/Nc3ccc(cc3)n4cncn4	IC50	8
CHEMBL3678299	508.5	5.44	79.88	COc1cc(ccc1OCc2ccc(nc2)C(F)(F)F)C(C)n3cnc4cc(cnc34)c5cnn(C)c5	IC50	7
CHEMBL3671426	489.54	2.13	155.73	COCC(C)(C)n1cc(C(=O)c2cncc(NC(=O)Cn3cc(nn3)C4CC4)c2)c5cnc(N)nc15	IC50	7.62
CHEMBL3671437	537.6	1.92	182.19	CC(C)(CO)n1cc(C(=O)c2cncc(NC(=O)Cc3ccc(NS(=O)(=O)C)cc3)c2)c4cnc(N)nc14	IC50	1.57
CHEMBL3671461	457.47	2.86	128.68	Nc1ncc2c(cn(c2n1)C34CC(C3)C4)C(=O)c5cncc(NC(=O)Cc6ccc(F)cn6)c5	IC50	6.07
CHEMBL3675910	413.43	2.56	73.97	CC1(O)CN(C1)C(=O)c2cnn3ccc(nc23)N4CCC[C@@H]4c5cc(F)ccc5F	IC50	5.3
CHEMBL3675923	505.55	1.75	125.93	NS(=O)(=O)N1CCC(CC1)NC(=O)c2cnn3ccc(nc23)N4CCCC4c5cc(F)ccc5F	IC50	1.4
CHEMBL3675940	393.34	3.33	76.52	NC(=O)c1cnn2ccc(nc12)N3CCC[C@@H]3c4cc(F)ccc4C(F)(F)F	IC50	1.6
CHEMBL3676040	469.54	2.33	69.01	CN1CCN(CCNC(=O)c2cnn3ccc(nc23)N4CCCC4c5cc(F)ccc5F)CC1	IC50	4.7
CHEMBL3676081	437.4	2.86	82.76	CC(NC(=O)c1cnn2ccc(nc12)N3CC(O)CC3c4cccc(F)c4)C(F)(F)F	IC50	3.1
CHEMBL3659501	395.44	4.03	93.54	CC[C@H](Nc1ccc2ncn(c3cc(OC(C)C)[nH]n3)c2n1)c4ccc(F)cn4	IC50	6
CHEMBL3661502	440.47	3.02	120.48	CC(C)n1cc(C(=O)c2cncc(NC(=O)Cn3nc4ccccc4n3)c2)c5cncnc15	IC50	7.63
CHEMBL3666249	482.47	4.42	115.79	CC(C)n1cc(C(=O)c2cncc(NC(=O)Cc3cccc(c3)C(F)(F)F)c2)c4cnc(N)nc14	IC50	4.7
CHEMBL3666256	472.43	3.07	133.61	CC(C)n1cc(C(=O)c2cncc(NC(=O)Cn3ccc(n3)C(F)(F)F)c2)c4cnc(N)nc14	IC50	5.18
CHEMBL3639748	411.46	4.02	62.53	CC1(C)CC[C@@H](N1c2ccn3ncc(C(=O)NC4CC4)c3n2)c5cc(F)ccc5F	IC50	6.6
CHEMBL2151319	364.39	3.12	97.2	C[C@H](Nc1ccc2ncn(c3cc([nH]n3)C4CC4)c2n1)c5ncc(F)cn5	IC50	3
CHEMBL2152287	477.5	4.95	113.76	Nc1cc(NS(=O)(=O)c2ccc(F)cc2F)cc(c1)c3cnc4[nH]cc(c5ccncc5)c4c3	IC50	2.97
CHEMBL3968770	592.63	5.72	141.92	CCCN=C1NC=C(S1)c2ccc(Oc3ncc(cn3)N=C(O)Nc4cc(ccc4S(=O)(=O)C)C(F)(F)F)cc2	IC50	1
CHEMBL3971403	550.38	5.86	121.08	OC(=NCc1cn[nH]c1)c2cc(NC(=O)c3cc(c(Cl)cc3Cl)c4ccc(F)cn4)n(n2)c5ccccc5	IC50	2.6
CHEMBL3971680	452.53	3.78	99.14	CCc1ncc(F)cc1[C@H]2CCCN2c3ccn4ncc(C(=NC5CCC(O)CC5)O)c4n3	IC50	3.6
CHEMBL3972530	421.41	3.78	91.8	OC(=Nc1cnn2ccc(nc12)N3CCC[C@H]3c4cc(F)ccc4F)c5cnccn5	IC50	2.2
CHEMBL3979991	533.38	5.12	133.97	OC(=NCc1cnn[nH]1)c2cc(NC(=O)c3cc(c(Cl)cc3Cl)c4ccccn4)n(n2)c5ccccc5	IC50	4.88
CHEMBL3984317	532.39	6.16	121.08	Cc1n[nH]cc1N=C(O)c2cc(NC(=O)c3cc(c(Cl)cc3Cl)c4ccccn4)n(n2)c5ccccc5	IC50	3.925
CHEMBL3950778	554.41	5.97	101.63	OC(=NCC1CCOC1)c2cc(NC(=O)c3cc(c(Cl)cc3Cl)c4ncccc4F)n(n2)c5ccccc5	IC50	4.66
CHEMBL3962074	591.62	7.29	120.67	CCN=C1NC=C(S1)c2ccc(Oc3ncc(cn3)N=C(O)Nc4cc(cnc4c5ccc(C)cc5)C(F)(F)F)cc2	IC50	4
CHEMBL3965319	562.39	5.93	118.18	OC(=NCc1ccncn1)c2cc(NC(=O)c3cc(c(Cl)cc3Cl)c4ncccc4F)n(n2)c5ccccc5	IC50	4.68
CHEMBL3912700	504.44	4.03	118.42	CC(C)(CO)n1cc(C(=O)c2cncc(c2)N=C(O)Cn3cc(cn3)C(F)(F)F)c4cncc(F)c14	IC50	5.33
CHEMBL3912891	582.46	6.63	112.63	CC1(O)CCC(CC1)N=C(O)c2cc(NC(=O)c3cc(c(Cl)cc3Cl)c4ncccc4F)n(n2)c5ccccc5	IC50	8.36
CHEMBL3915218	522.39	5.32	112.63	O[C@@H]1C[C@H](C1)N=C(O)c2cc(NC(=O)c3cc(c(Cl)cc3Cl)c4ccccn4)n(n2)c5ccccc5	IC50	7.46
CHEMBL3919320	598.55	6.73	131.94	COc1ccc2ncc(c3ccc(Oc4ncc(cn4)N=C(O)Nc5cc(ccc5c6cccnc6)C(F)(F)F)cc3)n2n1	IC50	1
CHEMBL3892259	582.46	6.63	112.63	CC1(O)CCC(CC1)N=C(O)c2cc(NC(=O)c3cc(c(Cl)cc3Cl)c4ccc(F)cn4)n(n2)c5ccccc5	IC50	2.96
CHEMBL3900303	518.86	6.38	118.54	Nc1ncc(Cl)cc1c2ccc(Oc3ncc(cn3)N=C(O)Nc4ccc(cc4F)C(F)(F)F)cc2	IC50	3
CHEMBL3902577	566.38	5.42	148.78	CN=C(O)C(N=C(O)c1cc(NC(=O)c2cc(c(Cl)cc2Cl)c3ncccc3F)n(n1)c4ccccc4)C#N	IC50	9.13
CHEMBL3904287	556	5.34	120.55	CN=C1NC=C(CN=C(O)c2cc(NC(=O)c3cc(c(F)cc3Cl)c4ccccn4)n(n2)c5ccccc5)C=C1	IC50	1.77
CHEMBL3904853	541.97	5.29	132.04	OC(=NCC1=CNC(=N)C=C1)c2cc(NC(=O)c3cc(c(F)cc3Cl)c4ccccn4)n(n2)c5ccccc5	IC50	3.41
CHEMBL209466	370.89	3.5	97.11	CNC(=O)Nc1snc(SC(C)c2ccc(Cl)cc2)c1C(=O)N	IC50	3
CHEMBL176544	275.31	3.07	46.92	Cn1cc(\C=C\2/C(=O)Nc3cccnc23)c4ccccc14	IC50	2
CHEMBL3671469	496.45	3	133.61	Nc1ncc2c(cn(c2n1)C34CC(C3)C4)C(=O)c5cncc(NC(=O)Cn6ccc(n6)C(F)(F)F)c5	IC50	0.825
CHEMBL3673442	524.63	4.86	88.25	COc1ccc(COc2ccc(Cn3cnc4cc(ccc34)c5cnn(c5)C6CCNCC6)cc2OC)cn1	IC50	6
CHEMBL3675915	365.41	3.1	62.53	Fc1cccc(c1)[C@H]2CCCN2c3ccn4ncc(C(=O)NC5CC5)c4n3	IC50	1.65
CHEMBL3675916	410.43	3.38	86.32	CC(C)(NC(=O)c1cnn2ccc(nc12)N3CCCC3c4cc(F)ccc4F)C#N	IC50	1.3
CHEMBL3676032	449.45	2.55	117.51	COc1ncc(F)cc1[C@H]2CCCN2c3ccn4ncc(C(=O)NC5=CNC(=O)C=C5)c4n3	IC50	3
CHEMBL3676042	417.42	1.43	102.99	OCC(CO)NC(=O)c1cnn2ccc(nc12)N3CCC[C@@H]3c4cc(F)ccc4F	IC50	1.5
CHEMBL3676094	410.45	2.05	84.53	CN1C=C(F)C=C([C@H]2CCCN2c3ccn4ncc(C(=O)NCC5CC5)c4n3)C1=O	IC50	4.5
CHEMBL3659494	363.4	3.73	84.31	C[C@H](Nc1ccc2ncn(c3cc([nH]n3)C4CC4)c2n1)c5ccc(F)cn5	IC50	3
CHEMBL3659499	368.38	2.64	106.43	CCOc1cc(n[nH]1)n2cnc3ccc(N[C@@H](C)c4ncc(F)cn4)nc23	IC50	3
CHEMBL3661627	513.48	2.96	130.23	CC(CO)(CO)n1cc(C(=O)c2cncc(NC(=O)Cc3cccc(c3)C(F)(F)F)c2)c4cncnc14	IC50	9.36
CHEMBL1980995	466.54	4.35	69.45	CNC1CC2OC(C)(C1OC)n3c4ccccc4c5c6CNC(=O)c6c7c8ccccc8n2c7c35	IC50	1.405
CHEMBL3582441	501.57	3.48	90.1	OC(=O)CN1CCN(CC1)c2cc(ccn2)c3cnc4ccc(nn34)N5CCC[C@@H]5c6cccc(F)c6	IC50	1
CHEMBL3967906	556.99	5.89	114.52	COc1cc(CN=C(O)c2cc(NC(=O)c3cc(c(F)cc3Cl)c4ccccn4)n(n2)c5ccccc5)ccn1	IC50	4.56
CHEMBL3977511	434.45	4.69	78.91	Cc1cccnc1C(=Nc2cnn3ccc(nc23)N4CCC[C@H]4c5cc(F)ccc5F)O	IC50	1.7
CHEMBL3980356	528.37	5.58	101.63	COCCN=C(O)c1cc(NC(=O)c2cc(c(Cl)cc2Cl)c3ncccc3F)n(n1)c4ccccc4	IC50	9
CHEMBL2037208	488.47	6.52	86.02	FC(F)(F)c1cccc(c1)C(=O)Nc2cccc(Nc3ccc4\C(=C\c5ccc[nH]5)\C(=O)Nc4c3)c2	IC50	7
CHEMBL2037222	658.68	6.59	129.8	CN1CCN(CC1)c2cc(cc(c2)C(F)(F)F)C(=O)Nc3cccc(Nc4ccc5\C(=C\c6[nH]c(C)c(C(=O)O)c6C)\C(=O)Nc5c4)c3	IC50	9
CHEMBL3298268	468.53	3.04	121.23	CC(C)(C)c1cc(NC(=O)Cn2cc(nn2)c3ccc(nc3)n4ccnc4)n(n1)c5cccnc5	IC50	7
CHEMBL3948918	484.32	5.57	92.4	CN=C(O)c1cc(NC(=O)c2cc(c(Cl)cc2Cl)c3ncccc3F)n(n1)c4ccccc4	IC50	5.12
CHEMBL3957376	514.48	5.38	100.6	CC(C)(CO)n1cc(C(=O)c2cncc(c2)N=C(O)Cc3cccc(c3)C(F)(F)F)c4cncc(F)c14	IC50	4.41
CHEMBL3966108	556.38	4.7	121.86	O[C@@H]1COC[C@H]1N=C(O)c2cc(NC(=O)c3cc(c(Cl)cc3Cl)c4ncccc4F)n(n2)c5ccccc5	IC50	4.72
CHEMBL3927707	428.44	2.96	89.49	O[C@H]1CCN(C1)C(=Nc2cnc3ccc(nn23)N4CCC[C@@H]4c5cc(F)ccc5F)O	IC50	3.8
CHEMBL3930459	467.36	6.38	80.37	CC(C)n1cc(C(=O)c2ccnc(c2)N=C(O)Cc3ccc(Cl)c(Cl)c3)c4cnccc14	IC50	5.68
CHEMBL3906654	634.93	7.45	136.36	Nc1ncc(Cl)cc1c2ccc(Oc3ncc(cn3)N=C(O)Nc4cc(ccc4n5ccc(n5)C(F)(F)F)C(F)(F)F)cc2	IC50	2
CHEMBL3913529	426.47	4.38	69.26	OC(=Nc1cnc2ccc(nn12)N3CCC[C@H]3c4cc(F)ccc4F)N5CCCCC5	IC50	7.1
CHEMBL3925856	441.44	3.89	92.32	COC(=O)C1(CC1)C(=Nc2cnn3ccc(nc23)N4CCC[C@H]4c5cc(F)ccc5F)O	IC50	4.7
CHEMBL3671157	417.42	1.43	102.99	OC[C@@H](O)CNC(=O)c1cnn2ccc(nc12)N3CCC[C@@H]3c4cc(F)ccc4F	IC50	1.3
CHEMBL3671415	461.5	3.76	99	COCC(C)(C)n1cc(C(=O)c2cncc(NC(=O)Cc3ccc(F)cc3)c2)c4cncnc14	IC50	4.08
CHEMBL3671425	516.48	2.88	142.84	COCC(C)(C)n1cc(C(=O)c2cncc(NC(=O)Cn3cc(cn3)C(F)(F)F)c2)c4cnc(N)nc14	IC50	2.78
CHEMBL3671460	510.56	4.08	137.44	CC(C)n1cc(C(=O)c2cncc(NC(=O)Nc3cc(nn3c4cnn(C)c4)C5CC5)c2)c6cncnc16	IC50	1.51
CHEMBL3673438	466.54	5.33	84.42	COc1ccc(COc2ccc(Cn3c(N)nc4cc(ccc34)c5ccncc5)cc2OC)cc1	IC50	8
CHEMBL3673486	468.52	4.12	110.2	COc1ccc(COc2ccc(Cn3c(N)nc4cc(cnc34)c5ccncc5)cc2OC)cn1	IC50	2
CHEMBL3675926	395.44	2.59	82.76	OCc1ccc(F)cc1C2CCCN2c3ccn4ncc(C(=O)NC5CC5)c4n3	IC50	0.6
CHEMBL3675929	366.4	2.5	75.42	Fc1cncc(c1)[C@H]2CCCN2c3ccn4ncc(C(=O)NC5CC5)c4n3	IC50	7.4
CHEMBL3675957	356.36	1.2	109.64	NC(=O)c1cnn2ccc(nc12)N3CCCC3c4cc(F)cnc4CO	IC50	2.55
CHEMBL3676028	414.44	1.72	104.88	COc1ncc(F)cc1[C@H]2CCCN2c3ccn4ncc(C(=O)NC[C@@H](C)O)c4n3	IC50	2.8
CHEMBL3676037	429.47	3.1	82.76	CC(C)(CO)CNC(=O)c1cnn2ccc(nc12)N3CCCC3c4cc(F)ccc4F	IC50	1.2
CHEMBL3676038	427.46	2.99	82.76	O[C@H]1CC[C@@H](C1)NC(=O)c2cnn3ccc(nc23)N4CCC[C@@H]4c5cc(F)ccc5F	IC50	0.9
CHEMBL3676064	424.48	2.56	95.65	Cc1ncc(F)cc1C2CCCN2c3ccn4ncc(C(=O)N[C@@H]5CCC[C@H]5O)c4n3	IC50	4.8
CHEMBL3661490	471.44	3.8	107.59	CC(C)n1cc(C(=O)c2cncc(NC(=O)Cn3nc(cc3C)C(F)(F)F)c2)c4cncnc14	IC50	5.45
CHEMBL3661492	434.89	3.87	102.66	CC(C)n1cc(C(=O)c2cncc(NC(=O)Cc3ccc(Cl)cn3)c2)c4cncnc14	IC50	5.16
CHEMBL388978	466.54	4.35	69.45	CN[C@@H]1C[C@H]2O[C@@](C)([C@@H]1OC)n3c4ccccc4c5c6CNC(=O)c6c7c8ccccc8n2c7c35	IC50	3.1
CHEMBL3950400	515.94	5.21	121.08	OC(=NCc1cn[nH]c1)c2cc(NC(=O)c3cc(c(F)cc3Cl)c4ccccn4)n(n2)c5ccccc5	IC50	3.05
CHEMBL3952568	614.59	6.12	130.88	CN(C)c1ccn2ncc(c3ccc(Oc4ncc(cn4)N=C(O)Nc5cc(ccc5c6ccnn6C)C(F)(F)F)cc3)c2n1	IC50	1
CHEMBL3964965	565.4	5.23	123.11	OC(=NCCn1ccnn1)c2cc(NC(=O)c3cc(c(Cl)cc3Cl)c4ncccc4F)n(n2)c5ccccc5	IC50	7.59
CHEMBL3966392					IC50	4.14
CHEMBL3937196	562.39	5.93	118.18	OC(=NCc1ncccn1)c2cc(NC(=O)c3cc(c(Cl)cc3Cl)c4ncccc4F)n(n2)c5ccccc5	IC50	9.51
CHEMBL3908178	444.9	3.48	89.49	O[C@H]1CCN(C1)C(=Nc2cnn3ccc(nc23)N4CCC[C@H]4c5cc(F)ccc5Cl)O	IC50	4.1
CHEMBL3903796	492.37	5.96	92.4	OC(=NC1CC1)c2cc(NC(=O)c3cc(c(Cl)cc3Cl)c4ccccn4)n(n2)c5ccccc5	IC50	6.33
CHEMBL3109646	408.45	5.62	61.02	CC(C)N(Cc1c[nH]c2ncccc12)C(=O)Nc3ccc(SC(F)(F)F)cc3	EC50	6.5
CHEMBL3678283	524.5	4.95	102.24	COc1cc(Cn2c(N)nc3cc(cnc23)c4cnn(C)c4)ccc1OCc5ccc(OC(F)(F)F)cc5	IC50	0.2
CHEMBL3678297	522.53	5.63	93.01	COc1cc(ccc1OCc2ccc(cc2)C(F)(F)F)[C@H](C)n3c(N)nc4cc(cnc34)c5cnn(C)c5	IC50	5
CHEMBL3671136	415.44	2.85	82.76	CC(C)(CO)NC(=O)c1cnn2ccc(nc12)N3CCC[C@@H]3c4cc(F)ccc4F	IC50	1.1
CHEMBL3671150	437.45	3.01	80.35	Cn1cc(CNC(=O)c2cnn3ccc(nc23)N4CCC[C@@H]4c5cc(F)ccc5F)cn1	IC50	2.1
CHEMBL3671398	453.51	3.45	139.58	CC(C)(C)n1cc(C(=O)c2cncc(NC(=O)Cc3ccc(cc3)C#N)c2)c4cnc(N)nc14	IC50	4.57
CHEMBL3673476	471.52	3.45	115.13	COc1ccc(COc2ccc(Cn3c(N)nc4cc(cnc34)c5cnn(C)c5)cc2OC)cn1	IC50	0.6
CHEMBL3673478	508.5	5.07	93.01	COc1cc(Cn2c(N)nc3cc(cnc23)c4cnn(C)c4)ccc1OCc5ccc(cc5)C(F)(F)F	IC50	0.2
CHEMBL3673479	481.56	4.32	105.9	COc1cc(Cn2c(N)nc3cc(cnc23)c4cnn(C)c4)ccc1OCc5ccc(nc5)C6CC6	IC50	0.2
CHEMBL3673486	468.52	4.12	110.2	COc1ccc(COc2ccc(Cn3c(N)nc4cc(cnc34)c5ccncc5)cc2OC)cn1	IC50	2
CHEMBL3675933	492.55	2.41	108.7	CC(C)(CNS(=O)(=O)C)NC(=O)c1cnn2ccc(nc12)N3CCCC3c4cc(F)ccc4F	IC50	3.93
CHEMBL3675972	420.85	2.91	75.42	FC(CCl)CNC(=O)c1cnn2ccc(nc12)N3CCC[C@@H]3c4cncc(F)c4	IC50	6.2
CHEMBL3676025	440.48	2.26	104.88	COc1ncc(F)cc1[C@H]2CCCN2c3ccn4ncc(C(=O)N[C@H]5CC[C@H](O)C5)c4n3	IC50	1.3
CHEMBL3676093	433.45	2.56	97.42	CN1C=C(F)C=C([C@H]2CCCN2c3ccn4ncc(C(=O)Nc5cccnc5)c4n3)C1=O	IC50	8.7
CHEMBL3676104	462.49	3.47	113.33	COc1ncc(F)cc1[C@H]2CCCN2c3ccn4ncc(C(=O)Nc5cc(n[nH]5)C6CC6)c4n3	IC50	8.9
CHEMBL3661490	471.44	3.8	107.59	CC(C)n1cc(C(=O)c2cncc(NC(=O)Cn3nc(cc3C)C(F)(F)F)c2)c4cncnc14	IC50	5.45
CHEMBL2151322	397.41	2.61	113.77	CC(C)Oc1cc(n[nH]1)n2cnc3ccc(N[C@@H](CO)c4ccc(F)cn4)nc23	IC50	3
CHEMBL3975345	641.55	5.86	155.92	CN(C)S(=O)(=O)c1ccc(cc1NC(=Nc2cnc(Oc3ccc(cc3)c4cc(cnc4N)C(F)(F)F)nc2)O)C(F)(F)F	IC50	4
CHEMBL3976264	514.34	4.93	112.63	OCCN=C(O)c1cc(NC(=O)c2cc(c(Cl)cc2Cl)c3ncccc3F)n(n1)c4ccccc4	IC50	5.187
CHEMBL3951602	461.53	3.39	131.31	CC(C)c1cn(CC(=Nc2cncc(c2)C(=O)c3cn(c4ccncc34)C(C)(C)CO)O)nn1	IC50	9.89
CHEMBL3956535	511.92	4.81	112.63	OCCCN=C(O)c1cc(NC(=O)c2cc(c(F)cc2Cl)c3ncccc3F)n(n1)c4ccccc4	IC50	7.21
CHEMBL3961646	551.37	6.13	118.43	OC(=NCc1ocnc1)c2cc(NC(=O)c3cc(c(Cl)cc3Cl)c4ncccc4F)n(n2)c5ccccc5	IC50	6.13
CHEMBL3934347	510.38	5.44	101.63	COCCN=C(O)c1cc(NC(=O)c2cc(c(Cl)cc2Cl)c3ccccn3)n(n1)c4ccccc4	IC50	9.67
CHEMBL3889897	540.38	5.46	112.63	O[C@@H]1C[C@@H](C1)N=C(O)c2cc(NC(=O)c3cc(c(Cl)cc3Cl)c4ncccc4F)n(n2)c5ccccc5	IC50	5.83
CHEMBL3900180	476.51	3.89	118.42	CC(C)(CO)n1cc(C(=O)c2cncc(c2)N=C(O)Cn3ccc(n3)C4CC4)c5cncc(F)c15	IC50	5.58
CHEMBL3903947	547.41	5.13	123.11	Cn1cc(CN=C(O)c2cc(NC(=O)c3cc(c(Cl)cc3Cl)c4ccccn4)n(n2)c5ccccc5)nn1	IC50	4.92
CHEMBL3678297	522.53	5.63	93.01	COc1cc(ccc1OCc2ccc(cc2)C(F)(F)F)[C@H](C)n3c(N)nc4cc(cnc34)c5cnn(C)c5	IC50	0.3
CHEMBL3671148	427.46	3.26	71.76	Fc1ccc(F)c(c1)[C@H]2CCCN2c3ccn4ncc(C(=O)NC5CCOCC5)c4n3	IC50	0.6
CHEMBL3671414	473.54	3.15	116.82	COCC(C)(C)n1cc(C(=O)c2cncc(NC(=O)Cn3ccc(n3)C4CC4)c2)c5cncnc15	IC50	1.51
CHEMBL3671427	484.52	2.36	153.84	CC(C)(CO)n1cc(C(=O)c2cncc(NC(=O)Cn3cc4ccccc4n3)c2)c5cnc(N)nc15	IC50	4.4
CHEMBL3671431	551.63	1.94	173.4	CN(c1ccc(CC(=O)Nc2cncc(c2)C(=O)c3cn(c4nc(N)ncc34)C(C)(C)CO)cc1)S(=O)(=O)C	IC50	9.47
CHEMBL3671461	457.47	2.86	128.68	Nc1ncc2c(cn(c2n1)C34CC(C3)C4)C(=O)c5cncc(NC(=O)Cc6ccc(F)cn6)c5	IC50	6.07
CHEMBL3671469	496.45	3	133.61	Nc1ncc2c(cn(c2n1)C34CC(C3)C4)C(=O)c5cncc(NC(=O)Cn6ccc(n6)C(F)(F)F)c5	IC50	0.825
CHEMBL3673452	470.53	4.06	102.24	COc1ccc(COc2ccc(Cn3c(N)nc4cc(cnc34)c5cnn(C)c5)cc2OC)cc1	IC50	0.3
CHEMBL3673463	509.61	4.56	91.91	COc1cc(Cn2cnc3cc(cnc23)c4cnn(c4)C5CCNCC5)ccc1OCc6ccc(C)nc6	IC50	0.9
CHEMBL3673477	509.49	4.46	105.9	COc1cc(Cn2c(N)nc3cc(cnc23)c4cnn(C)c4)ccc1OCc5ccc(nc5)C(F)(F)F	IC50	0.2
CHEMBL3675908	343.34	2.45	76.52	NC(=O)c1cnn2ccc(nc12)N3CCC[C@@H]3c4cc(F)ccc4F	IC50	1.95
CHEMBL3675955	412.47	2.63	95.65	CC(C)(C)NC(=O)c1cnn2ccc(nc12)N3CCCC3c4cc(F)cnc4CO	IC50	1.8
CHEMBL3675998	394.45	3.13	75.42	C[C@H](NC(=O)c1cnn2ccc(nc12)N3CCC[C@@H]3c4cncc(F)c4)C5CC5	IC50	2.9
CHEMBL3676063	424.48	2.56	95.65	Cc1ncc(F)cc1C2CCCN2c3ccn4ncc(C(=O)N[C@H]5CC[C@H](O)C5)c4n3	IC50	6.8
CHEMBL3676064	424.48	2.56	95.65	Cc1ncc(F)cc1C2CCCN2c3ccn4ncc(C(=O)N[C@@H]5CCC[C@H]5O)c4n3	IC50	4.8
CHEMBL3676098	424.48	2.44	84.53	C[C@H](NC(=O)c1cnn2ccc(nc12)N3CCC[C@@H]3C4=CC(=CN(C)C4=O)F)C5CC5	IC50	2.2
CHEMBL3659496	364.39	3.12	97.2	C[C@H](Nc1ncc2ncn(c3cc([nH]n3)C4CC4)c2n1)c5ccc(F)cn5	IC50	5
CHEMBL3659502	415.86	4.29	93.54	CC(C)Oc1cc(n[nH]1)n2cnc3cc(Cl)c(N[C@@H](C)c4ccc(F)cn4)nc23	IC50	4
CHEMBL3661491	457.42	3.49	107.59	CC(C)n1cc(C(=O)c2cncc(NC(=O)Cn3ccc(n3)C(F)(F)F)c2)c4cncnc14	IC50	4.86
CHEMBL3661616	497.48	3.98	110	CC(C)(CO)n1cc(C(=O)c2cncc(NC(=O)Cc3cccc(c3)C(F)(F)F)c2)c4cncnc14	IC50	3.61
CHEMBL1982476	451.94	5.2	109.14	CNC(=O)c1cnc(N)c2c(csc12)c3ccc(NC(=O)Nc4cccc(Cl)c4)cc3	Ki	7.943
CHEMBL3582442	458.54	4.23	69.79	OC1CCN(CC1)c2cc(ccn2)c3cnc4ccc(nn34)N5CCC[C@@H]5c6cccc(F)c6	IC50	3
CHEMBL3967617	534.91	4.74	133.97	OC(=NCc1cnn[nH]1)c2cc(NC(=O)c3cc(c(F)cc3Cl)c4ncccc4F)n(n2)c5ccccc5	IC50	3.63
CHEMBL3975658	624.63	7.7	113.06	CN(C)c1ccn2ncc(c3ccc(Oc4ncc(cn4)N=C(O)Nc5cc(ccc5c6ccccc6C)C(F)(F)F)cc3)c2n1	IC50	4
CHEMBL3978304	548.02	5.98	112.63	CC1(O)CCC(CC1)N=C(O)c2cc(NC(=O)c3cc(c(F)cc3Cl)c4ccccn4)n(n2)c5ccccc5	IC50	9.77
CHEMBL3952980	540.41	4.94	121.86	COCc1cccc(n1)c2cc(C(=O)Nc3cc(nn3c4ccccc4)C(=NCCO)O)c(Cl)cc2Cl	IC50	7.195
CHEMBL3931190	551.98	5.73	112.63	O[C@@H]1CC[C@@H](CC1)N=C(O)c2cc(NC(=O)c3cc(c(F)cc3Cl)c4ncccc4F)n(n2)c5ccccc5	IC50	9.71
CHEMBL3937419	454.51	2.52	108.25	CN1C=C(F)C=C([C@H]2CCCN2c3ccn4ncc(C(=NC5CCC(O)CC5)O)c4n3)C1=O	IC50	1.9
CHEMBL3914544	544.4	5.79	118.18	OC(=NCc1cccnn1)c2cc(NC(=O)c3cc(c(Cl)cc3Cl)c4ccccn4)n(n2)c5ccccc5	IC50	7.35
CHEMBL3916880	455.51	4.35	86.25	CC1(O)CCC(CC1)N=C(O)c2cnn3ccc(nc23)N4CCC[C@@H]4c5cc(F)ccc5F	IC50	1.23
CHEMBL3916880	455.51	4.35	86.25	CC1(O)CCC(CC1)N=C(O)c2cnn3ccc(nc23)N4CCC[C@@H]4c5cc(F)ccc5F	IC50	1.18
CHEMBL3895250	559.96	5.6	131.31	Nc1ncccc1CN=C(O)c2cc(NC(=O)c3cc(c(F)cc3Cl)c4ncccc4F)n(n2)c5ccccc5	IC50	5.55
CHEMBL3902802	424.48	3.21	99.14	OC1CCC(CC1)N=C(O)c2cnn3ccc(nc23)N4CCC[C@@H]4c5cncc(F)c5	IC50	4.7
CHEMBL601719	450.35	5.04	77.99	C[C@@H](Oc1cc(cnc1N)c2cnn(c2)C3CCNCC3)c4c(Cl)ccc(F)c4Cl	IC50	1
CHEMBL211168	362.48	3.29	111.1	NC(=O)Nc1snc(SC2CCCCc3ccccc23)c1C(=O)N	IC50	1
CHEMBL3671134	423.43	3.33	80.35	Cn1ccc(NC(=O)c2cnn3ccc(nc23)N4CCC[C@@H]4c5cc(F)ccc5F)n1	IC50	1.55
CHEMBL3671135	441.48	3.38	82.76	O[C@@H]1CC[C@H](CC1)NC(=O)c2cnn3ccc(nc23)N4CCC[C@@H]4c5cc(F)ccc5F	IC50	0.45
CHEMBL3671412	478.94	3.67	111.89	COCC(C)(C)n1cc(C(=O)c2cncc(NC(=O)Cc3ccc(Cl)cn3)c2)c4cncnc14	IC50	1.57
CHEMBL3671414	473.54	3.15	116.82	COCC(C)(C)n1cc(C(=O)c2cncc(NC(=O)Cn3ccc(n3)C4CC4)c2)c5cncnc15	IC50	1.51
CHEMBL3673482	485.52	4.86	97.31	COc1ccc(COc2ccc(Cn3c(N)nc4cc(cnc34)c5ccc(F)cc5)cc2OC)cn1	IC50	9
CHEMBL3675964	399.43	2.33	94.98	COCCOc1ccc(F)cc1[C@H]2CCCN2c3ccn4ncc(C(=O)N)c4n3	IC50	3.6
CHEMBL3676019	414.44	1.73	104.88	COc1ncc(F)cc1[C@H]2CCCN2c3ccn4ncc(C(=O)NCCCO)c4n3	IC50	1.1
CHEMBL3676076	455.49	1.83	112.22	OCC(O)COc1ccc(F)cc1[C@H]2CCCN2c3ccn4ncc(C(=O)NC5CC5)c4n3	IC50	3.3
CHEMBL3659499	368.38	2.64	106.43	CCOc1cc(n[nH]1)n2cnc3ccc(N[C@@H](C)c4ncc(F)cn4)nc23	IC50	3
CHEMBL3666254	448.91	4.06	115.79	CC(C)n1cc(C(=O)c2cncc(NC(=O)Cc3ccc(Cl)cc3)c2)c4cnc(N)nc14	IC50	3.48
CHEMBL3976094	484.45	6.23	80.37	CC(C)n1cc(C(=O)c2ccnc(c2)N=C(O)Cc3ccc(c(F)c3)C(F)(F)F)c4cnccc14	IC50	8.49
CHEMBL3952307	545.94	5.41	118.18	OC(=NCc1ccnnc1)c2cc(NC(=O)c3cc(c(F)cc3Cl)c4ncccc4F)n(n2)c5ccccc5	IC50	7.49
CHEMBL3954631	400.39	2.03	91.63	CNC(=O)C(=O)Nc1cnn2ccc(nc12)N3CCC[C@H]3c4cc(F)ccc4F	IC50	7.65
CHEMBL3955007	438.51	3.52	99.14	Cc1ncc(F)cc1C2CCCN2c3ccn4ncc(C(=NC5CCC(O)CC5)O)c4n3	IC50	4.7
CHEMBL3928158	518.47	4.34	118.42	Cc1cc(nn1CC(=Nc2cncc(c2)C(=O)c3cn(c4c(F)cncc34)C(C)(C)CO)O)C(F)(F)F	IC50	6.32
CHEMBL3940552	540.43	6.98	92.4	CC(C)(C)CN=C(O)c1cc(NC(=O)c2cc(c(Cl)cc2Cl)c3ncccc3F)n(n1)c4ccccc4	IC50	4.61
CHEMBL3899561	541.97	5.29	132.04	OC(=NCC1=CC(=N)NC=C1)c2cc(NC(=O)c3cc(c(F)cc3Cl)c4ccccn4)n(n2)c5ccccc5	IC50	1.71
CHEMBL251795	561.53	4.14	104.45	C[C@H](N)C(=O)N1CCN(CC1)C(=O)c2cc(Sc3cnc(Nc4cccc(Br)n4)s3)ccc2C	IC50	1
CHEMBL3671149	437.45	3.01	80.35	Cn1cnc(CNC(=O)c2cnn3ccc(nc23)N4CCC[C@@H]4c5cc(F)ccc5F)c1	IC50	2.95
CHEMBL3671153	437.45	3.04	91.21	Fc1ccc(F)c(c1)[C@H]2CCCN2c3ccn4ncc(C(=O)NCCc5cnc[nH]5)c4n3	IC50	0.4
CHEMBL3671404	468.52	3.45	144.47	CC(C)(C)n1cc(C(=O)c2cncc(NC(=O)Cc3nc4ccccc4[nH]3)c2)c5cnc(N)nc15	IC50	2.25
CHEMBL3671421	493.96	3.25	137.91	COCC(C)(C)n1cc(C(=O)c2cncc(NC(=O)Cc3ccc(Cl)cn3)c2)c4cnc(N)nc14	IC50	3.88
CHEMBL3671423	516.48	2.88	142.84	COCC(C)(C)n1cc(C(=O)c2cncc(NC(=O)Cn3ccc(n3)C(F)(F)F)c2)c4cnc(N)nc14	IC50	3.22
CHEMBL3671436	502.46	2.22	153.84	CC(C)(CO)n1cc(C(=O)c2cncc(NC(=O)Cn3cc(cn3)C(F)(F)F)c2)c4cnc(N)nc14	IC50	3.11
CHEMBL3671468	516.58	2.73	149.93	CS(=O)(=O)c1cccc(CC(=O)Nc2cncc(c2)C(=O)c3cn(c4nc(N)ncc34)C56CC(C5)C6)c1	IC50	8.11
CHEMBL3673481	467.53	4.72	97.31	COc1ccc(COc2ccc(Cn3c(N)nc4cc(cnc34)c5ccccc5)cc2OC)cn1	IC50	6
CHEMBL3675908	343.34	2.45	76.52	NC(=O)c1cnn2ccc(nc12)N3CCC[C@@H]3c4cc(F)ccc4F	IC50	1.95
CHEMBL3675922	504.56	2.5	99.91	CS(=O)(=O)N1CCC(CC1)NC(=O)c2cnn3ccc(nc23)N4CCCC4c5cc(F)ccc5F	IC50	1.5
CHEMBL3675952	439.49	3.13	80.99	COCCOc1cc(F)cc(c1)[C@H]2CCCN2c3ccn4ncc(C(=O)NC5CC5)c4n3	IC50	5.37
CHEMBL3675954	396.43	1.99	95.65	OCc1ncc(F)cc1C2CCCN2c3ccn4ncc(C(=O)NC5CC5)c4n3	IC50	1.3
CHEMBL3675957	356.36	1.2	109.64	NC(=O)c1cnn2ccc(nc12)N3CCCC3c4cc(F)cnc4CO	IC50	2.55
CHEMBL3675965	439.49	3.13	80.99	COCCOc1ccc(F)cc1[C@H]2CCCN2c3ccn4ncc(C(=O)NC5CC5)c4n3	IC50	0.95
CHEMBL3661485	429.48	3.35	107.59	CC(C)n1cc(C(=O)c2cncc(NC(=O)Cn3ccc(n3)C4CC4)c2)c5cncnc15	IC50	8.81
CHEMBL455920	392.83	3.49	113.53	CC(C)Oc1cc(Nc2nc(N[C@@H](C)c3ncc(F)cn3)ncc2Cl)n[nH]1	EC50	2
CHEMBL456801	461.93	3.55	131.01	C[C@H](Nc1nc(NC[C@@H](O)CO)c(Cl)c(Nc2cc([nH]n2)C3CC3)n1)c4ccc(F)cc4	EC50	9
CHEMBL388978	466.54	4.35	69.45	CN[C@@H]1C[C@H]2O[C@@](C)([C@@H]1OC)n3c4ccccc4c5c6CNC(=O)c6c7c8ccccc8n2c7c35	Kd	2
CHEMBL3969188	435.44	4.08	91.8	Cc1cnc(cn1)C(=Nc2cnn3ccc(nc23)N4CCC[C@H]4c5cc(F)ccc5F)O	IC50	3.1
CHEMBL3975484	551.37	6.13	118.43	OC(=NCc1ccon1)c2cc(NC(=O)c3cc(c(Cl)cc3Cl)c4ncccc4F)n(n2)c5ccccc5	IC50	5.15
CHEMBL3978831	566.38	5.83	131.32	Cc1oc(CN=C(O)c2cc(NC(=O)c3cc(c(Cl)cc3Cl)c4ncccc4F)n(n2)c5ccccc5)nn1	IC50	6.96
CHEMBL3983195	444.44	1.93	109.72	O[C@H]1CN(C[C@@H]1O)C(=Nc2cnc3ccc(nn23)N4CCC[C@H]4c5cc(F)ccc5F)O	IC50	2.2
CHEMBL3948987	541.97	5.46	131.31	Nc1cccc(CN=C(O)c2cc(NC(=O)c3cc(ccc3Cl)c4ncccc4F)n(n2)c5ccccc5)n1	IC50	9.42
CHEMBL3907403	480.36	5.82	92.4	CCN=C(O)c1cc(NC(=O)c2cc(c(Cl)cc2Cl)c3ccccn3)n(n1)c4ccccc4	IC50	9.17
CHEMBL3889897	540.38	5.46	112.63	O[C@@H]1C[C@@H](C1)N=C(O)c2cc(NC(=O)c3cc(c(Cl)cc3Cl)c4ncccc4F)n(n2)c5ccccc5	IC50	5.83
CHEMBL3895805	568.52	6.95	134.09	OC(=Nc1cnc(Oc2ccc(cc2)c3cnc4n[nH]cc4c3)nc1)Nc5cc(ccc5c6cccnc6)C(F)(F)F	IC50	1
CHEMBL3905382	478.45	3.84	89.49	O[C@H]1CCN(C1)C(=Nc2cnn3ccc(nc23)N4CCC[C@H]4c5cc(F)ccc5C(F)(F)F)O	IC50	5.7
CHEMBL3109646	408.45	5.62	61.02	CC(C)N(Cc1c[nH]c2ncccc12)C(=O)Nc3ccc(SC(F)(F)F)cc3	EC50	6.5
CHEMBL1794057	292.3	2.26	89.78	O=C1Nc2ccc(N\C=C\3/C(=O)Nc4ccccc34)cc2N1	IC50	7
CHEMBL3678301	511.5	4.36	108.31	COc1cc(ccc1OCc2ccc(nc2)C(F)(F)F)C(C)n3c(N)nc4cc(cnc34)C#CCCO	IC50	1
CHEMBL3671131	434.45	4.3	75.42	Cc1cccnc1NC(=O)c2cnn3ccc(nc23)N4CCC[C@@H]4c5cc(F)ccc5F	IC50	2.3
CHEMBL3673438	466.54	5.33	84.42	COc1ccc(COc2ccc(Cn3c(N)nc4cc(ccc34)c5ccncc5)cc2OC)cc1	IC50	8
CHEMBL3673488	468.52	4.12	110.2	COc1ccc(COc2ccc(Cn3c(N)nc4cc(cnc34)c5ccccn5)cc2OC)cn1	IC50	4
CHEMBL3675913	423.49	3.24	82.76	O[C@@H]1CC[C@H](CC1)NC(=O)c2cnn3ccc(nc23)N4CCC[C@@H]4c5cccc(F)c5	IC50	1.2
CHEMBL3675924	464.5	1.63	108.7	CS(=O)(=O)NCCNC(=O)c1cnn2ccc(nc12)N3CCCC3c4cc(F)ccc4F	IC50	3.3
CHEMBL3675926	395.44	2.59	82.76	OCc1ccc(F)cc1C2CCCN2c3ccn4ncc(C(=O)NC5CC5)c4n3	IC50	0.6
CHEMBL3675936	431.44	1.82	102.99	CC(CO)(CO)NC(=O)c1cnn2ccc(nc12)N3CCC[C@@H]3c4cc(F)ccc4F	IC50	2.25
CHEMBL3675968	368.42	2.74	75.42	CC(C)NC(=O)c1cnn2ccc(nc12)N3CCC[C@@H]3c4cncc(F)c4	IC50	5.1
CHEMBL3676025	440.48	2.26	104.88	COc1ncc(F)cc1[C@H]2CCCN2c3ccn4ncc(C(=O)N[C@H]5CC[C@H](O)C5)c4n3	IC50	1.3
CHEMBL3676063	424.48	2.56	95.65	Cc1ncc(F)cc1C2CCCN2c3ccn4ncc(C(=O)N[C@H]5CC[C@H](O)C5)c4n3	IC50	6.8
CHEMBL3676072	495.56	3.63	90.22	CC1(C)OCC(COc2cc(F)cc(c2)[C@H]3CCCN3c4ccn5ncc(C(=O)NC6CC6)c5n4)O1	IC50	3.9
CHEMBL3676079	410.45	2.25	95.65	CC1(CC1)NC(=O)c2cnn3ccc(nc23)N4[C@H](CO)CC[C@@H]4c5cncc(F)c5	IC50	8.6
CHEMBL3666427	414.47	3.85	102.66	CCc1ccnc(c1)C(=O)Nc2cncc(c2)C(=O)c3cn(C(C)C)c4ncncc34	IC50	5.51
CHEMBL457393	357.37	3.67	91.41	C[C@H](Nc1ncc(F)c(Nc2cc([nH]n2)C3CC3)n1)c4ccc(F)cn4	EC50	7
CHEMBL3582440	458.54	4.23	69.79	OC1CCN(CC1)c2cccc(n2)c3cnc4ccc(nn34)N5CCC[C@@H]5c6cccc(F)c6	IC50	5
CHEMBL2152286	455.54	4.98	113.76	Cc1ccc(cc1)S(=O)(=O)Nc2cc(N)cc(c2)c3cnc4[nH]cc(c5ccncc5)c4c3	IC50	4.62
CHEMBL94678	467.48	3.66	94.72	COC(=O)[C@]1(O)C[C@H]2O[C@]1(C)n3c4ccccc4c5c6CNC(=O)c6c7c8ccccc8n2c7c35	IC50	5
CHEMBL94678	467.48	3.66	94.72	COC(=O)[C@]1(O)C[C@H]2O[C@]1(C)n3c4ccccc4c5c6CNC(=O)c6c7c8ccccc8n2c7c35	IC50	1.2
CHEMBL3959978	515.94	5.21	121.08	OC(=NCc1cn[nH]c1)c2cc(NC(=O)c3cc(ccc3Cl)c4ncccc4F)n(n2)c5ccccc5	IC50	8.74
CHEMBL3960672	565.4	5.23	123.11	OC(=NCCn1cncn1)c2cc(NC(=O)c3cc(c(Cl)cc3Cl)c4ncccc4F)n(n2)c5ccccc5	IC50	6.1
CHEMBL3962599	550.38	5.86	121.08	OC(=NCc1cc[nH]n1)c2cc(NC(=O)c3cc(c(Cl)cc3Cl)c4ncccc4F)n(n2)c5ccccc5	IC50	2.8
CHEMBL3926988					IC50	1.141
CHEMBL3943397	545.94	5.41	118.18	OC(=NCc1cccnn1)c2cc(NC(=O)c3cc(c(F)cc3Cl)c4ncccc4F)n(n2)c5ccccc5	IC50	8.88
CHEMBL3891891	408.41	4.24	89.81	OC(=Nc1cnn2ccc(nc12)N3CCC[C@H]3c4cc(F)ccc4F)C5(CC5)C#N	IC50	4.2
CHEMBL3904952	454.51	3.22	108.37	COc1ncc(F)cc1[C@H]2CCCN2c3ccn4ncc(C(=NC5CCC(O)CC5)O)c4n3	IC50	0.9
CHEMBL3678283	524.5	4.95	102.24	COc1cc(Cn2c(N)nc3cc(cnc23)c4cnn(C)c4)ccc1OCc5ccc(OC(F)(F)F)cc5	IC50	0.2
CHEMBL3678297	522.53	5.63	93.01	COc1cc(ccc1OCc2ccc(cc2)C(F)(F)F)[C@H](C)n3c(N)nc4cc(cnc34)c5cnn(C)c5	IC50	0.3
CHEMBL3671447	497.43	3.95	108.23	CC1(COC1)n2cc(C(=O)c3cncc(NC(=O)c4cccc(OC(F)(F)F)c4)c3)c5cncnc25	IC50	3.09
CHEMBL3675939	467.42	2.31	102.99	OC[C@H](O)CNC(=O)c1cnn2ccc(nc12)N3CCC[C@@H]3c4cc(F)ccc4C(F)(F)F	IC50	4.55
CHEMBL3675987	394.45	3.13	75.42	CC(NC(=O)c1cnn2ccc(nc12)N3CCCC3c4cncc(F)c4)C5CC5	IC50	3.2
CHEMBL3676022	428.47	2.12	104.88	COc1ncc(F)cc1[C@H]2CCCN2c3ccn4ncc(C(=O)NCCCCO)c4n3	IC50	1.4
CHEMBL3676024	370.39	1.97	84.65	CNC(=O)c1cnn2ccc(nc12)N3CCC[C@@H]3c4cc(F)cnc4OC	IC50	2.1
CHEMBL3676046	415.44	2.85	82.76	CC[C@@H](CO)NC(=O)c1cnn2ccc(nc12)N3CCC[C@@H]3c4cc(F)ccc4F	IC50	2.5
CHEMBL3676094	410.45	2.05	84.53	CN1C=C(F)C=C([C@H]2CCCN2c3ccn4ncc(C(=O)NCC5CC5)c4n3)C1=O	IC50	4.5
CHEMBL3676097	424.48	2.44	84.53	C[C@@H](NC(=O)c1cnn2ccc(nc12)N3CCC[C@@H]3C4=CC(=CN(C)C4=O)F)C5CC5	IC50	2.8
CHEMBL3661502	440.47	3.02	120.48	CC(C)n1cc(C(=O)c2cncc(NC(=O)Cn3nc4ccccc4n3)c2)c5cncnc15	IC50	7.63
CHEMBL1983268	560.65	5.03	85.52	CN1CCN(CC1)c2ccc(C(=O)Nc3n[nH]c4ccc(Cc5cc(F)cc(F)c5)cc34)c(NC6CCOCC6)c2	IC50	3
CHEMBL1983268	560.65	5.03	85.52	CN1CCN(CC1)c2ccc(C(=O)Nc3n[nH]c4ccc(Cc5cc(F)cc(F)c5)cc34)c(NC6CCOCC6)c2	Ki	1.585
CHEMBL2151323	383.39	2.43	119.32	CC(C)Oc1cc(n[nH]1)n2cnc3cnc(N[C@@H](C)c4ncc(F)cn4)nc23	IC50	3
CHEMBL2151323	383.39	2.43	119.32	CC(C)Oc1cc(n[nH]1)n2cnc3cnc(N[C@@H](C)c4ncc(F)cn4)nc23	IC50	3
CHEMBL3974598	528.37	5.32	112.63	C[C@H](CO)N=C(O)c1cc(NC(=O)c2cc(c(Cl)cc2Cl)c3ncccc3F)n(n1)c4ccccc4	IC50	5.97
CHEMBL3975550	496.49	5.24	100.6	CC(C)(CO)n1cc(C(=O)c2cncc(c2)N=C(O)Cc3cccc(c3)C(F)(F)F)c4cnccc14	IC50	2.87
CHEMBL3978342	454.87	4.65	75.42	Fc1ccc(F)c(c1)[C@@H]2CCCN2c3ccn4ncc(NC(=O)c5ccc(Cl)cn5)c4n3	IC50	4
CHEMBL2037209	568.56	7.02	103.84	Cc1cn(cn1)c2cc(cc(c2)C(F)(F)F)C(=O)Nc3cccc(Nc4ccc5\C(=C\c6ccc[nH]6)\C(=O)Nc5c4)c3	IC50	7
CHEMBL3298265	477.54	5.27	71.24	Cc1cn2cc(CNc3ncnc4ccc(nc34)N5CCC[C@@H]5c6cc(F)ccc6F)nc2s1	IC50	1.5
CHEMBL3947206	568.52	6.72	122.71	OC(=Nc1cnc(Oc2ccc(cc2)c3cnn4cccnc34)nc1)Nc5cc(ccc5c6cccnc6)C(F)(F)F	IC50	1
CHEMBL3952175	474.42	4.89	98.19	CC(C)n1cc(C(=O)c2cncc(c2)N=C(O)Cn3cc(cn3)C(F)(F)F)c4cncc(F)c14	IC50	9.66
CHEMBL3962152	559.96	5.43	132.04	OC(=NCC1=CNC(=N)C=C1)c2cc(NC(=O)c3cc(c(F)cc3Cl)c4ncccc4F)n(n2)c5ccccc5	IC50	2.98
CHEMBL3945591	533.38	5.99	118.43	OC(=NCc1ocnc1)c2cc(NC(=O)c3cc(c(Cl)cc3Cl)c4ccccn4)n(n2)c5ccccc5	IC50	6.82
CHEMBL3907673	544.4	5.79	118.18	OC(=NCc1ccnnc1)c2cc(NC(=O)c3cc(c(Cl)cc3Cl)c4ccccn4)n(n2)c5ccccc5	IC50	7.24
CHEMBL3889654	428.44	2.95	86	O[C@H]1CCN(C1)C(=O)Nc2cnn3ccc(nc23)N4CCC[C@@H]4c5cc(F)ccc5F	IC50	9.7
CHEMBL3889892					IC50	5.001
CHEMBL3902802	424.48	3.21	99.14	OC1CCC(CC1)N=C(O)c2cnn3ccc(nc23)N4CCC[C@@H]4c5cncc(F)c5	IC50	7
CHEMBL211095	362.48	3.29	111.1	NC(=O)Nc1snc(S[C@@H]2CCCCc3ccccc23)c1C(=O)N	IC50	7
CHEMBL502835	539.64	3.62	94.22	COC(=O)c1ccc2\C(=C(\Nc3ccc(cc3)N(C)C(=O)CN4CCN(C)CC4)/c5ccccc5)\C(=O)Nc2c1	Kd	4.5
CHEMBL3671145	415.44	2.85	82.76	CC(C)(O)CNC(=O)c1cnn2ccc(nc12)N3CCC[C@@H]3c4cc(F)ccc4F	IC50	2.15
CHEMBL3671444	495.46	4	99	CC1(COC1)n2cc(C(=O)c3cncc(NC(=O)Cc4cccc(c4)C(F)(F)F)c3)c5cncnc25	IC50	9.5
CHEMBL3671467	498.55	3.46	137.44	Cn1cc(cn1)n2nc(cc2NC(=O)Nc3cncc(c3)C(=O)c4cn(C)c5ncncc45)C(C)(C)C	IC50	4.64
CHEMBL3675937	444.46	2.78	74.56	F[C@H]1CNCC[C@H]1NC(=O)c2cnn3ccc(nc23)N4CCC[C@@H]4c5cc(F)ccc5F	IC50	1.95
CHEMBL3676008	390.37	2.6	75.42	FC(F)CNC(=O)c1cnn2ccc(nc12)N3CCC[C@@H]3c4cncc(F)c4	IC50	7.4
CHEMBL3676030	483.55	1.8	108.12	COc1ncc(F)cc1[C@H]2CCCN2c3ccn4ncc(C(=O)NC5CCN(CCO)CC5)c4n3	IC50	4.3
CHEMBL3661492	434.89	3.87	102.66	CC(C)n1cc(C(=O)c2cncc(NC(=O)Cc3ccc(Cl)cn3)c2)c4cncnc14	IC50	5.16
CHEMBL3661606	498.47	3.39	136.02	CC(CO)n1cc(C(=O)c2cncc(NC(=O)Cc3cccc(c3)C(F)(F)F)c2)c4cnc(N)nc14	IC50	4.4
CHEMBL3661616	497.48	3.98	110	CC(C)(CO)n1cc(C(=O)c2cncc(NC(=O)Cc3cccc(c3)C(F)(F)F)c2)c4cncnc14	IC50	3.61
CHEMBL3666249	482.47	4.42	115.79	CC(C)n1cc(C(=O)c2cncc(NC(=O)Cc3cccc(c3)C(F)(F)F)c2)c4cnc(N)nc14	IC50	4.7
CHEMBL456976	417.29	4.9	78.52	C[C@H](Nc1ncc(Br)c(Nc2cc([nH]n2)C3CC3)n1)c4ccc(F)cc4	IC50	6
CHEMBL411903	459.41	4.8	117.32	Nc1ncnc2NCCC(=Nc12)c3ccc(NC(=O)Nc4cc(ccc4F)C(F)(F)F)cc3	Ki	3.162
CHEMBL2151319	364.39	3.12	97.2	C[C@H](Nc1ccc2ncn(c3cc([nH]n3)C4CC4)c2n1)c5ncc(F)cn5	IC50	3
CHEMBL2113063	423.47	4.5	68.42	C[C@]1(O)C[C@H]2O[C@]1(C)n3c4ccccc4c5c6CNC(=O)c6c7c8ccccc8n2c7c35	IC50	3
CHEMBL3980190	466.46	6.09	80.37	CC(C)n1cc(C(=O)c2ccnc(c2)N=C(O)Cc3ccc(cc3)C(F)(F)F)c4cnccc14	IC50	5.3
CHEMBL3954365	529.96	5.96	121.08	Cc1n[nH]c(C)c1N=C(O)c2cc(NC(=O)c3cc(c(F)cc3Cl)c4ccccn4)n(n2)c5ccccc5	IC50	6.14
CHEMBL3955007	438.51	3.52	99.14	Cc1ncc(F)cc1C2CCCN2c3ccn4ncc(C(=NC5CCC(O)CC5)O)c4n3	IC50	4.7
CHEMBL3961601	434.45	4.69	78.91	Cc1cccc(n1)C(=Nc2cnn3ccc(nc23)N4CCC[C@H]4c5cc(F)ccc5F)O	IC50	4.2
CHEMBL3963962	558.43	5.81	132.04	OC(=NCC1=CC(=N)NC=C1)c2cc(NC(=O)c3cc(c(Cl)cc3Cl)c4ccccn4)n(n2)c5ccccc5	IC50	1.17
CHEMBL3933210	540.38	5.46	112.63	OCC1(CC1)N=C(O)c2cc(NC(=O)c3cc(c(Cl)cc3Cl)c4ncccc4F)n(n2)c5ccccc5	IC50	3.41
CHEMBL3938236	560.51	7.4	118.54	Nc1ncc(F)cc1c2ccc(Oc3ncc(cn3)N=C(O)Nc4cc(ccc4c5ccccc5)C(F)(F)F)cc2	IC50	2
CHEMBL3942166	548.94	4.75	123.11	Cn1cc(CN=C(O)c2cc(NC(=O)c3cc(c(F)cc3Cl)c4ncccc4F)n(n2)c5ccccc5)nn1	IC50	7.26
CHEMBL3909097	421.41	3.39	88.31	Fc1ccc(F)c(c1)[C@@H]2CCCN2c3ccn4ncc(NC(=O)c5ncccn5)c4n3	IC50	3
CHEMBL3912928	558.4	4.94	121.86	COC[C@H](O)CN=C(O)c1cc(NC(=O)c2cc(c(Cl)cc2Cl)c3ncccc3F)n(n1)c4ccccc4	IC50	8.7
CHEMBL3890285	556.38	4.7	121.86	O[C@H]1COC[C@@H]1N=C(O)c2cc(NC(=O)c3cc(c(Cl)cc3Cl)c4ncccc4F)n(n2)c5ccccc5	IC50	6.16
CHEMBL254050	532.49	4.81	78.43	CC(=O)N1CCN(CC1)C(=O)c2cc(Sc3cnc(Nc4cccc(Br)n4)s3)ccc2C	IC50	1
CHEMBL3678300	523.52	5.02	105.9	COc1cc(ccc1OCc2ccc(nc2)C(F)(F)F)C(C)n3c(N)nc4cc(cnc34)c5cnn(C)c5	IC50	0.4
CHEMBL3671133	437.45	4.18	75.67	Cc1oc(CNC(=O)c2cnn3ccc(nc23)N4CCC[C@@H]4c5cc(F)ccc5F)cc1	IC50	0.95
CHEMBL3671388	425.45	3.77	118.45	CC(C)n1cc(C(=O)c2cncc(NC(=O)c3[nH]nc4ccccc34)c2)c5cncnc15	IC50	5.45
CHEMBL3671419	447.93	4.65	89.77	CC(C)(C)n1cc(C(=O)c2cncc(NC(=O)Cc3ccc(Cl)cc3)c2)c4cncnc14	IC50	2.95
CHEMBL3671430	459.51	2.25	148.91	Cc1ccc(CC(=O)Nc2cncc(c2)C(=O)c3cn(c4nc(N)ncc34)C(C)(C)CO)nc1	IC50	3.16
CHEMBL3671471	463.5	3.2	139.58	Nc1ncc2c(cn(c2n1)C34CC(C3)C4)C(=O)c5cncc(NC(=O)Cc6ccc(cc6)C#N)c5	IC50	9.79
CHEMBL3675917	382.37	2.6	86.32	Fc1ccc(F)c(c1)C2CCCN2c3ccn4ncc(C(=O)NCC#N)c4n3	IC50	0.7
CHEMBL3675927	427.48	2.2	102.99	CC(C)(O)CNC(=O)c1cnn2ccc(nc12)N3CCCC3c4cc(F)ccc4CO	IC50	4.2
CHEMBL3676026	400.41	1.34	104.88	COc1ncc(F)cc1[C@H]2CCCN2c3ccn4ncc(C(=O)NCCO)c4n3	IC50	0.2
CHEMBL3676079	410.45	2.25	95.65	CC1(CC1)NC(=O)c2cnn3ccc(nc23)N4[C@H](CO)CC[C@@H]4c5cncc(F)c5	IC50	8.6
CHEMBL3639603	457.47	3.77	107.59	CC(C)n1cc(C(=O)c2cncc(NC(=O)Cn3ncc4cc(F)ccc34)c2)c5cncnc15	IC50	3.95
CHEMBL3582439	359.41	4.27	46.32	Fc1cccc(c1)[C@H]2CCCN2c3ccc4ncc(c5ccccn5)n4n3	IC50	3
CHEMBL2151321	381.42	3.64	93.54	CC(C)Oc1cc(n[nH]1)n2cnc3ccc(N[C@@H](C)c4ccc(F)cn4)nc23	IC50	3
CHEMBL3967794	601.38	7.08	136.36	Nc1ncc(Cl)cc1c2ccc(Oc3ncc(cn3)N=C(O)Nc4cc(ccc4n5cc(Cl)cn5)C(F)(F)F)cc2	IC50	2
CHEMBL3955841	556.51	6.45	114.75	OC(=Nc1cnc(Oc2ccc(cc2)c3cnc4ccccn34)nc1)Nc5cc(ccc5n6cccn6)C(F)(F)F	IC50	1
CHEMBL3966169	551.37	5.26	133.97	OC(=NCc1cnn[nH]1)c2cc(NC(=O)c3cc(c(Cl)cc3Cl)c4ncccc4F)n(n2)c5ccccc5	IC50	2.53
CHEMBL1231124	348.77	3.01	104.3	C[C@H](Nc1ncc(Cl)c(Nc2cc(C)n[nH]2)n1)c3ncc(F)cn3	IC50	3
CHEMBL1970083	523.52	7.41	92.93	Nc1ncc(c2ccncc2)c3scc(c4ccc(NC(=O)Nc5cc(ccc5F)C(F)(F)F)cc4)c13	Ki	2.512
CHEMBL3928864	528.37	5.32	112.63	C[C@@H](O)CN=C(O)c1cc(NC(=O)c2cc(c(Cl)cc2Cl)c3ncccc3F)n(n1)c4ccccc4	IC50	7.09
CHEMBL3910951	487.44	3.29	131.31	CC(C)(CO)n1cc(C(=O)c2cncc(c2)N=C(O)Cn3cc(nn3)C(F)(F)F)c4cnccc14	IC50	9.86
CHEMBL3917758	554.41	6.12	101.63	OC(=NC1CCOCC1)c2cc(NC(=O)c3cc(c(Cl)cc3Cl)c4ncccc4F)n(n2)c5ccccc5	IC50	8.9
CHEMBL3923976	417.45	3.94	91.8	Cc1cnc(cn1)C(=Nc2cnn3ccc(nc23)N4CCC[C@H]4c5cccc(F)c5)O	IC50	6.6
CHEMBL603469	439.47	3.47	88.65	C[C@]12O[C@H](C[C@]1(O)CO)n3c4ccccc4c5c6C(=O)NCc6c7c8ccccc8n2c7c35	Kd	8.3
CHEMBL211095	362.48	3.29	111.1	NC(=O)Nc1snc(S[C@@H]2CCCCc3ccccc23)c1C(=O)N	IC50	1
CHEMBL3678289	459.51	2.79	117.54	COc1ccc(COc2ccc(Cn3c(N)nc4cc(cnc34)C#CCCO)cc2OC)cn1	IC50	7
CHEMBL3671144	413.43	2.6	82.76	OCC1(CC1)NC(=O)c2cnn3ccc(nc23)N4CCC[C@@H]4c5cc(F)ccc5F	IC50	0.9
CHEMBL3671154	417.42	1.43	102.99	OC[C@H](O)CNC(=O)c1cnn2ccc(nc12)N3CCC[C@@H]3c4cc(F)ccc4F	IC50	1.3
CHEMBL3671402	495.46	3.74	110	OCC1(CC1)n2cc(C(=O)c3cncc(NC(=O)Cc4ccc(cc4)C(F)(F)F)c3)c5cncnc25	IC50	4.53
CHEMBL3671405	508.38	3.73	128.68	CC(C)(C)n1cc(C(=O)c2cncc(NC(=O)Cc3ccc(Br)cn3)c2)c4cnc(N)nc14	IC50	3.93
CHEMBL3671420	431.47	4.13	89.77	CC(C)(C)n1cc(C(=O)c2cncc(NC(=O)Cc3ccc(F)cc3)c2)c4cncnc14	IC50	5.34
CHEMBL3671430	459.51	2.25	148.91	Cc1ccc(CC(=O)Nc2cncc(c2)C(=O)c3cn(c4nc(N)ncc34)C(C)(C)CO)nc1	IC50	3.16
CHEMBL3671470	497.44	2.4	146.5	Nc1ncc2c(cn(c2n1)C34CC(C3)C4)C(=O)c5cncc(NC(=O)Cn6cc(nn6)C(F)(F)F)c5	IC50	3.21
CHEMBL3671472	473.92	3.38	128.68	Nc1ncc2c(cn(c2n1)C34CC(C3)C4)C(=O)c5cncc(NC(=O)Cc6ccc(Cl)cn6)c5	IC50	0.681
CHEMBL3673439	568.68	4.46	101.82	COc1ccc(COc2ccc(Cn3c(N)nc4cc(ccc34)c5cnn(CCN6CCOCC6)c5)cc2OC)cc1	IC50	3
CHEMBL3673489	558.51	5.7	93.01	COc1cc(Cn2c(N)nc3cc(cnc23)c4cnn(C)c4)ccc1OCc5ccc(cc5)C(F)(F)C(F)(F)F	IC50	0.3
CHEMBL3675924	464.5	1.63	108.7	CS(=O)(=O)NCCNC(=O)c1cnn2ccc(nc12)N3CCCC3c4cc(F)ccc4F	IC50	3.3
CHEMBL3675932	429.45	0.79	123.22	OCC(O)CNC(=O)c1cnn2ccc(nc12)N3CCCC3c4cc(F)ccc4CO	IC50	1
CHEMBL3675958	386.39	1.39	104.88	CONC(=O)c1cnn2ccc(nc12)N3CCCC3c4cc(F)cnc4CO	IC50	1.77
CHEMBL3675972	420.85	2.91	75.42	FC(CCl)CNC(=O)c1cnn2ccc(nc12)N3CCC[C@@H]3c4cncc(F)c4	IC50	6.2
CHEMBL3676097	424.48	2.44	84.53	C[C@@H](NC(=O)c1cnn2ccc(nc12)N3CCC[C@@H]3C4=CC(=CN(C)C4=O)F)C5CC5	IC50	2.8
CHEMBL3661597	483.45	3.81	110	C[C@@H](CO)n1cc(C(=O)c2cncc(NC(=O)Cc3cccc(c3)C(F)(F)F)c2)c4cncnc14	IC50	4.24
CHEMBL3661597	483.45	3.81	110	C[C@@H](CO)n1cc(C(=O)c2cncc(NC(=O)Cc3cccc(c3)C(F)(F)F)c2)c4cncnc14	IC50	4.24
CHEMBL3661606	498.47	3.39	136.02	CC(CO)n1cc(C(=O)c2cncc(NC(=O)Cc3cccc(c3)C(F)(F)F)c2)c4cnc(N)nc14	IC50	3.03
CHEMBL3666257	444.5	2.93	133.61	CC(C)n1cc(C(=O)c2cncc(NC(=O)Cn3ccc(n3)C4CC4)c2)c5cnc(N)nc15	IC50	3.92
CHEMBL3666262	469.51	2.42	159.81	CC(C)(CO)n1cc(C(=O)c2cncc(NC(=O)Cc3ccc(cc3)C#N)c2)c4cnc(N)nc14	IC50	8.62
CHEMBL3666440	446.54	4.61	102.66	CC(C)n1cc(C(=O)c2cncc(NC(=O)c3csc(n3)C4CCC4)c2)c5cncnc15	IC50	4.06
CHEMBL3582432	445.5	4.51	80.55	Fc1cccc(CNc2ccc3ncc(c4ccc(NC(=O)C5CCOCC5)cc4)n3n2)c1	IC50	6
CHEMBL2151322	397.41	2.61	113.77	CC(C)Oc1cc(n[nH]1)n2cnc3ccc(N[C@@H](CO)c4ccc(F)cn4)nc23	IC50	3
CHEMBL388978	466.54	4.35	69.45	CN[C@@H]1C[C@H]2O[C@@](C)([C@@H]1OC)n3c4ccccc4c5c6CNC(=O)c6c7c8ccccc8n2c7c35	Kd	4
CHEMBL3971434	535.31	6.9	118.54	Nc1ncc(Cl)cc1c2ccc(Oc3ncc(cn3)N=C(O)Nc4ccc(cc4Cl)C(F)(F)F)cc2	IC50	2
CHEMBL2037213	587.6	6.48	109.49	OC1CCN(CC1)c2cc(cc(c2)C(F)(F)F)C(=O)Nc3cccc(Nc4ccc5\C(=C\c6ccc[nH]6)\C(=O)Nc5c4)c3	IC50	3
CHEMBL3950525	612.57	7.12	131.94	CCOc1ccc2ncc(c3ccc(Oc4ncc(cn4)N=C(O)Nc5cc(ccc5c6cccnc6)C(F)(F)F)cc3)n2n1	IC50	1
CHEMBL3956053	538.39	4.56	121.86	OC(=NCC1(O)COC1)c2cc(NC(=O)c3cc(c(Cl)cc3Cl)c4ccccn4)n(n2)c5ccccc5	IC50	8.71
CHEMBL3958931	547.41	5.09	123.11	OC(=NCCn1cncn1)c2cc(NC(=O)c3cc(c(Cl)cc3Cl)c4ccccn4)n(n2)c5ccccc5	IC50	9.94
CHEMBL3930913	433.9	5.12	93.26	CC(C)n1cc(C(=O)c2cncc(c2)N=C(O)Cc3ccc(Cl)cn3)c4cnccc14	IC50	9.64
CHEMBL3937084	483.55	4.68	94.17	CC(C)N=C1NC(=CS1)C(=Nc2cnn3ccc(nc23)N4CCC[C@H]4c5cc(F)ccc5F)O	IC50	3.1
CHEMBL2005886	479.97	3.86	106.27	Cc1cc(cc2[nH]c(nc12)C3=C(NCC(O)c4cccc(Cl)c4)C=CNC3=O)N5CCOCC5	Ki	7.943
CHEMBL3916820	432.46	3.87	84.65	COc1cccc(n1)C(=O)Nc2cnn3ccc(nc23)N4CCC[C@H]4c5cccc(F)c5	IC50	7.4
CHEMBL3919225	568.44	6.24	112.63	O[C@@H]1CC[C@@H](CC1)N=C(O)c2cc(NC(=O)c3cc(c(Cl)cc3Cl)c4ncccc4F)n(n2)c5ccccc5	IC50	4.46
CHEMBL3925931	551.37	5.26	133.97	OC(=NCc1cnn[nH]1)c2cc(NC(=O)c3cc(c(Cl)cc3Cl)c4ccc(F)cn4)n(n2)c5ccccc5	IC50	7.3
CHEMBL514257	388.83	3.76	98.75	OC[C@H](Nc1ncc(Cl)c(Nc2cc([nH]n2)C3CC3)n1)c4ccc(F)cc4	EC50	4
CHEMBL3671432	484.52	2.42	164.7	CC(C)(CO)n1cc(C(=O)c2cncc(NC(=O)Cc3nc4ccccc4[nH]3)c2)c5cnc(N)nc15	IC50	5.56
CHEMBL3671470	497.44	2.4	146.5	Nc1ncc2c(cn(c2n1)C34CC(C3)C4)C(=O)c5cncc(NC(=O)Cn6cc(nn6)C(F)(F)F)c5	IC50	3.21
CHEMBL3673483	471.52	3.45	115.13	COc1ccc(COc2ccc(Cn3c(N)nc4cc(cnc34)c5ccn(C)n5)cc2OC)cn1	IC50	3
CHEMBL3675917	382.37	2.6	86.32	Fc1ccc(F)c(c1)C2CCCN2c3ccn4ncc(C(=O)NCC#N)c4n3	IC50	0.7
CHEMBL3675929	366.4	2.5	75.42	Fc1cncc(c1)[C@H]2CCCN2c3ccn4ncc(C(=O)NC5CC5)c4n3	IC50	7.4
CHEMBL3675942	413.43	3.42	71.76	Fc1ccc(F)c(c1)[C@H]2CCCN2c3ccn4ncc(C(=O)NOCC5CC5)c4n3	IC50	0.57
CHEMBL3675964	399.43	2.33	94.98	COCCOc1ccc(F)cc1[C@H]2CCCN2c3ccn4ncc(C(=O)N)c4n3	IC50	3.6
CHEMBL3675966	380.43	2.89	75.42	CC1(CC1)NC(=O)c2cnn3ccc(nc23)N4CCC[C@@H]4c5cncc(F)c5	IC50	3.2
CHEMBL3676005	408.36	2.9	75.42	Fc1cncc(c1)[C@H]2CCCN2c3ccn4ncc(C(=O)NCC(F)(F)F)c4n3	IC50	5
CHEMBL3676052	382.44	3.05	75.42	CC(C)NC(=O)c1cnn2ccc(nc12)N3CCC[C@@H]3c4cc(F)cnc4C	IC50	7.4
CHEMBL3661485	429.48	3.35	107.59	CC(C)n1cc(C(=O)c2cncc(NC(=O)Cn3ccc(n3)C4CC4)c2)c5cncnc15	IC50	8.81
CHEMBL3639583	381.42	3.64	93.54	CCOc1cc(n[nH]1)n2cnc3ccc(N[C@@H](CC)c4ccc(F)cn4)nc23	IC50	3
CHEMBL3984178	550.38	6.3	121.08	Cc1n[nH]cc1N=C(O)c2cc(NC(=O)c3cc(c(Cl)cc3Cl)c4ccc(F)cn4)n(n2)c5ccccc5	IC50	4.75
CHEMBL3957798	451.44	2.7	97.42	CN1N=C(C=CC1=O)C(=O)Nc2cnc3ccc(nn23)N4CCC[C@H]4c5cc(F)ccc5F	IC50	2.3
CHEMBL3927344	561.4	6.53	105.29	OC(=NCc1ccccn1)c2cc(NC(=O)c3cc(c(Cl)cc3Cl)c4ncccc4F)n(n2)c5ccccc5	IC50	5.46
CHEMBL3943636	601.38	7.08	136.36	Nc1ncc(Cl)cc1c2ccc(Oc3ncc(cn3)N=C(O)Nc4cc(Cl)ccc4n5ccc(n5)C(F)(F)F)cc2	IC50	2
CHEMBL3921392	494.48	4.45	101.8	CC(=O)NCc1ncc(NC(=O)c2ccc(c(c2)c3ccn(C)n3)C(F)(F)F)c(n1)c4ccccc4	IC50	4
CHEMBL3902802	424.48	3.21	99.14	OC1CCC(CC1)N=C(O)c2cnn3ccc(nc23)N4CCC[C@@H]4c5cncc(F)c5	IC50	4.7
CHEMBL176544	275.31	3.07	46.92	Cn1cc(\C=C\2/C(=O)Nc3cccnc23)c4ccccc14	IC50	3
CHEMBL3671406	454.49	2.84	152.47	CC(C)(C)n1cc(C(=O)c2cncc(NC(=O)Cc3ccc(cn3)C#N)c2)c4cnc(N)nc14	IC50	5.9
CHEMBL3671425	516.48	2.88	142.84	COCC(C)(C)n1cc(C(=O)c2cncc(NC(=O)Cn3cc(cn3)C(F)(F)F)c2)c4cnc(N)nc14	IC50	2.78
CHEMBL3671437	537.6	1.92	182.19	CC(C)(CO)n1cc(C(=O)c2cncc(NC(=O)Cc3ccc(NS(=O)(=O)C)cc3)c2)c4cnc(N)nc14	IC50	1.57
CHEMBL3676003	422.39	3.29	75.42	C[C@@H](NC(=O)c1cnn2ccc(nc12)N3CCCC3c4cncc(F)c4)C(F)(F)F	IC50	8
CHEMBL3676021	430.44	0.7	125.11	COc1ncc(F)cc1[C@H]2CCCN2c3ccn4ncc(C(=O)NC[C@@H](O)CO)c4n3	IC50	5.7
CHEMBL3659497	382.4	3.03	106.43	CC(C)Oc1cc(n[nH]1)n2cnc3ccc(N[C@@H](C)c4ncc(F)cn4)nc23	IC50	3
CHEMBL3661461	467.45	4.84	89.77	CC(C)n1cc(C(=O)c2cncc(NC(=O)Cc3cccc(c3)C(F)(F)F)c2)c4cncnc14	IC50	3.55
CHEMBL3666246	449.9	3.45	128.68	CC(C)n1cc(C(=O)c2cncc(NC(=O)Cc3ccc(Cl)cn3)c2)c4cnc(N)nc14	IC50	8.71
CHEMBL3639603	457.47	3.77	107.59	CC(C)n1cc(C(=O)c2cncc(NC(=O)Cn3ncc4cc(F)ccc34)c2)c5cncnc15	IC50	3.95
CHEMBL1983268	560.65	5.03	85.52	CN1CCN(CC1)c2ccc(C(=O)Nc3n[nH]c4ccc(Cc5cc(F)cc(F)c5)cc34)c(NC6CCOCC6)c2	IC50	1
CHEMBL425066	384.91	3.89	97.11	CCC(Sc1nsc(NC(=O)NC)c1C(=O)N)c2ccc(Cl)cc2	IC50	9
CHEMBL2151321	381.42	3.64	93.54	CC(C)Oc1cc(n[nH]1)n2cnc3ccc(N[C@@H](C)c4ccc(F)cn4)nc23	IC50	3
CHEMBL388978	466.54	4.35	69.45	CN[C@@H]1C[C@H]2O[C@@](C)([C@@H]1OC)n3c4ccccc4c5c6CNC(=O)c6c7c8ccccc8n2c7c35	IC50	1.7
CHEMBL3970377	567.41	6.06	124.99	CN=C(O)C1(CC1)N=C(O)c2cc(NC(=O)c3cc(c(Cl)cc3Cl)c4ncccc4F)n(n2)c5ccccc5	IC50	9.3
CHEMBL3975127	515.94	5.65	121.08	Cc1n[nH]cc1N=C(O)c2cc(NC(=O)c3cc(c(F)cc3Cl)c4ccccn4)n(n2)c5ccccc5	IC50	7.268
CHEMBL3985003	546.42	6.03	121.08	Cc1ncc(CN=C(O)c2cc(NC(=O)c3cc(c(Cl)cc3Cl)c4ccccn4)n(n2)c5ccccc5)[nH]1	IC50	9.36
CHEMBL1276446	449.52	3.9	113.08	O=C1Nc2ccc3ncsc3c2/C/1=C/Nc4ccc(cc4)S(=O)(=O)Nc5ccccn5	IC50	9
CHEMBL2037221	728.82	6.35	124.84	CCN(CC)CCNC(=O)c1c[nH]c(\C=C\2/C(=O)Nc3cc(Nc4cccc(NC(=O)c5cc(cc(c5)C(F)(F)F)N6CCN(C)CC6)c4)ccc23)c1	IC50	4
CHEMBL2037226	535.5	7.36	98.05	Cc1ccc(NC(=O)Nc2cc(ccc2F)C(F)(F)F)cc1Nc3ccc4\C(=C\c5ccc[nH]5)\C(=O)Nc4c3	IC50	8
CHEMBL3937136	481.92	4.41	113.49	CC(C)(CO)n1cc(C(=O)c2cncc(c2)N=C(O)Cc3ccc(Cl)cn3)c4cncc(F)c14	IC50	7.85
CHEMBL3913818	567.53	7.5	121.2	OC(=Nc1cnc(Oc2ccc(cc2)c3c[nH]c4nccc4c3)nc1)Nc5cc(ccc5c6cccnc6)C(F)(F)F	IC50	2
CHEMBL3889654	428.44	2.95	86	O[C@H]1CCN(C1)C(=O)Nc2cnn3ccc(nc23)N4CCC[C@@H]4c5cc(F)ccc5F	IC50	9.7
CHEMBL3890123	668.48	7.81	136.36	Nc1ncc(cc1c2ccc(Oc3ncc(cn3)N=C(O)Nc4cc(ccc4n5ccc(n5)C(F)(F)F)C(F)(F)F)cc2)C(F)(F)F	IC50	4
CHEMBL3894183	565.94	7.03	123.47	Nc1ncc(Cl)cc1c2ccc(Oc3ccc(cn3)N=C(O)Nc4cc(ccc4n5cccn5)C(F)(F)F)cc2	IC50	3
CHEMBL260092	441.42	4.66	117.32	Nc1ncnc2NCCC(=Nc12)c3ccc(NC(=O)Nc4cccc(c4)C(F)(F)F)cc3	Ki	7.943
CHEMBL3678284	540.57	5.66	93.01	COc1cc(Cn2c(N)nc3cc(cnc23)c4cnn(C)c4)ccc1OCc5ccc(SC(F)(F)F)cc5	IC50	0.2
CHEMBL3671149	437.45	3.01	80.35	Cn1cnc(CNC(=O)c2cnn3ccc(nc23)N4CCC[C@@H]4c5cc(F)ccc5F)c1	IC50	2.95
CHEMBL3671152	455.47	2.1	94.87	Fc1ccc(F)c(c1)[C@H]2CCCN2c3ccn4ncc(C(=O)NCCN5CCNC5=O)c4n3	IC50	3.6
CHEMBL3671406	454.49	2.84	152.47	CC(C)(C)n1cc(C(=O)c2cncc(NC(=O)Cc3ccc(cn3)C#N)c2)c4cnc(N)nc14	IC50	5.9
CHEMBL3673462	525.61	4.26	101.14	COc1ccc(COc2ccc(Cn3cnc4cc(cnc34)c5cnn(c5)C6CCNCC6)cc2OC)cn1	IC50	1
CHEMBL3673479	481.56	4.32	105.9	COc1cc(Cn2c(N)nc3cc(cnc23)c4cnn(C)c4)ccc1OCc5ccc(nc5)C6CC6	IC50	0.2
CHEMBL3675934	414.46	2.82	88.55	CC(C)(N)CNC(=O)c1cnn2ccc(nc12)N3CCC[C@@H]3c4cc(F)ccc4F	IC50	9.4
CHEMBL3676015	513.57	3.26	122.98	COc1ncc(F)cc1[C@H]2CCCN2c3ccn4ncc(C(=O)NCCCNC(=O)OC(C)(C)C)c4n3	IC50	9.4
CHEMBL3676035	401.42	2.46	82.76	C[C@H](O)CNC(=O)c1cnn2ccc(nc12)N3CCC[C@@H]3c4cc(F)ccc4F	IC50	2.4
CHEMBL3676035	401.42	2.46	82.76	C[C@H](O)CNC(=O)c1cnn2ccc(nc12)N3CCC[C@@H]3c4cc(F)ccc4F	IC50	2.4
CHEMBL3676051	396.47	3.44	75.42	Cc1ncc(F)cc1[C@H]2CCCN2c3ccn4ncc(C(=O)NC(C)(C)C)c4n3	IC50	6.9
CHEMBL3676058	394.45	3.2	75.42	Cc1ncc(F)cc1C2CCCN2c3ccn4ncc(C(=O)NC5(C)CC5)c4n3	IC50	2.4
CHEMBL3676076	455.49	1.83	112.22	OCC(O)COc1ccc(F)cc1[C@H]2CCCN2c3ccn4ncc(C(=O)NC5CC5)c4n3	IC50	3.3
CHEMBL3676081	437.4	2.86	82.76	CC(NC(=O)c1cnn2ccc(nc12)N3CC(O)CC3c4cccc(F)c4)C(F)(F)F	IC50	3.1
CHEMBL3676082	383.43	2.32	82.76	CC(C)NC(=O)c1cnn2ccc(nc12)N3C[C@@H](O)C[C@@H]3c4cccc(F)c4	IC50	5.8
CHEMBL3676098	424.48	2.44	84.53	C[C@H](NC(=O)c1cnn2ccc(nc12)N3CCC[C@@H]3C4=CC(=CN(C)C4=O)F)C5CC5	IC50	2.2
CHEMBL3659498	383.39	2.22	113.77	CCOc1cc(n[nH]1)n2cnc3ccc(N[C@@H](CO)c4ccc(F)cn4)nc23	IC50	3
CHEMBL3639583	381.42	3.64	93.54	CCOc1cc(n[nH]1)n2cnc3ccc(N[C@@H](CC)c4ccc(F)cn4)nc23	IC50	3
CHEMBL1980995	466.54	4.35	69.45	CNC1CC2OC(C)(C1OC)n3c4ccccc4c5c6CNC(=O)c6c7c8ccccc8n2c7c35	Ki	6.31
CHEMBL3976747	567.53	7.32	109.82	OC(=Nc1cnc(Oc2ccc(cc2)c3cnn4ccccc34)nc1)Nc5cc(ccc5c6cccnc6)C(F)(F)F	IC50	1
CHEMBL3977762	555.63	5.23	98.8	CC(C)(C)OC(=O)N1CCN(CC1(C)C)C(=Nc2cnc3ccc(nn23)N4CCC[C@H]4c5cc(F)ccc5F)O	IC50	8.3
CHEMBL3985415	478.45	3.84	89.49	O[C@H]1CCN(C1)C(=Nc2cnn3ccc(nc23)N4CCC[C@@H]4c5cc(F)ccc5C(F)(F)F)O	IC50	3.2
CHEMBL3964207	444.9	3.48	89.49	O[C@H]1CCN(C1)C(=Nc2cnn3ccc(nc23)N4CCC[C@@H]4c5cc(F)ccc5Cl)O	IC50	8
CHEMBL3939888	402.43	4.24	78.91	OC(=Nc1cnn2ccc(nc12)N3CCC[C@H]3c4cccc(F)c4)c5ccccn5	IC50	4
CHEMBL3944961					IC50	6.357
CHEMBL3915638	566.93	6.43	136.36	Nc1ncc(Cl)cc1c2ccc(Oc3ncc(cn3)N=C(O)Nc4cc(ccc4n5cccn5)C(F)(F)F)cc2	IC50	1
CHEMBL3889648	357.36	3.96	66.02	CC(=Nc1cnc2ccc(nn12)N3CCC[C@H]3c4cc(F)ccc4F)O	IC50	5.4
CHEMBL3678289	459.51	2.79	117.54	COc1ccc(COc2ccc(Cn3c(N)nc4cc(cnc34)C#CCCO)cc2OC)cn1	IC50	7
CHEMBL3671420	431.47	4.13	89.77	CC(C)(C)n1cc(C(=O)c2cncc(NC(=O)Cc3ccc(F)cc3)c2)c4cncnc14	IC50	5.34
CHEMBL3673440	542.58	5.57	101.49	COc1ccc(COc2ccc(Cn3c(N)nc4cc(ccc34)c5ccc(nc5)P(=O)(C)C)cc2OC)cc1	IC50	7
CHEMBL3673461	489.53	3.52	111.83	COc1ccc(COc2ccc(Cn3cnc4cc(cnc34)N5CCC[C@H]5C(=O)O)cc2OC)cn1	IC50	8
CHEMBL3675925	450.47	1.37	122.69	NS(=O)(=O)CCNC(=O)c1cnn2ccc(nc12)N3CCCC3c4cc(F)ccc4F	IC50	1.5
CHEMBL3675932	429.45	0.79	123.22	OCC(O)CNC(=O)c1cnn2ccc(nc12)N3CCCC3c4cc(F)ccc4CO	IC50	1
CHEMBL3675940	393.34	3.33	76.52	NC(=O)c1cnn2ccc(nc12)N3CCC[C@@H]3c4cc(F)ccc4C(F)(F)F	IC50	1.6
CHEMBL3675956	430.46	2.58	95.65	CC(C)(CF)NC(=O)c1cnn2ccc(nc12)N3CCCC3c4cc(F)cnc4CO	IC50	1.15
CHEMBL3675965	439.49	3.13	80.99	COCCOc1ccc(F)cc1[C@H]2CCCN2c3ccn4ncc(C(=O)NC5CC5)c4n3	IC50	0.95
CHEMBL3676053	394.45	3.2	75.42	Cc1ncc(F)cc1C2CCCN2c3ccn4ncc(C(=O)NC5CCC5)c4n3	IC50	8.6
CHEMBL3676092	410.45	2.19	84.53	CN1C=C(F)C=C([C@H]2CCCN2c3ccn4ncc(C(=O)NC5CCC5)c4n3)C1=O	IC50	3
CHEMBL3982301	624.63	7.7	113.06	CN(C)c1ccn2ncc(c3ccc(Oc4ncc(cn4)N=C(O)Nc5cc(ccc5c6cccc(C)c6)C(F)(F)F)cc3)c2n1	IC50	3
CHEMBL3984502	551.46	5.31	149.25	Nc1ncc(F)cc1c2ccc(Oc3ncc(cn3)N=C(O)Nc4cc(ccc4n5ccnn5)C(F)(F)F)cc2	IC50	1
CHEMBL3951420	551.37	6.13	118.43	OC(=NCc1oncc1)c2cc(NC(=O)c3cc(c(Cl)cc3Cl)c4ncccc4F)n(n2)c5ccccc5	IC50	2.46
CHEMBL3961852	466.33	5.43	92.4	CN=C(O)c1cc(NC(=O)c2cc(c(Cl)cc2Cl)c3ccccn3)n(n1)c4ccccc4	IC50	7.06
CHEMBL3964567	622.76	7.28	130.65	Cc1ccc(cc1C)n2nc(cc2NC(=Nc3cnc(Oc4ccc(cc4)c5cnc(s5)N6CCCC6=O)nc3)O)C(C)(C)C	IC50	2
CHEMBL3914864	514.48	5.38	100.6	CC(C)(CO)n1cc(C(=O)c2cncc(c2)N=C(O)Cc3ccc(cc3)C(F)(F)F)c4cncc(F)c14	IC50	6.61
CHEMBL3889913	492.9	5.47	136.48	CC(=Nc1ccc(F)c(n1)c2ccc(Cl)c(c2)C(=O)Nc3cc(nn3c4ccccc4)C(=N)O)O	IC50	6.13
CHEMBL3890064	550.38	5.86	121.08	OC(=NCc1cn[nH]c1)c2cc(NC(=O)c3cc(c(Cl)cc3Cl)c4ncccc4F)n(n2)c5ccccc5	IC50	1.74
CHEMBL3899684	528.37	5.32	112.63	OCCCN=C(O)c1cc(NC(=O)c2cc(c(Cl)cc2Cl)c3ncccc3F)n(n1)c4ccccc4	IC50	4.36
CHEMBL3678286	522.53	5.15	93.01	COc1cc(Cn2c(N)nc3cc(cnc23)c4cnn(C)c4)ccc1OCc5ccc(CC(F)(F)F)cc5	IC50	0.2
CHEMBL3678287	515.52	4.53	105.9	COc1cc(Cn2c(N)nc3cc(cnc23)c4cnn(C)c4)ccc1OCc5csc(n5)C(F)(F)F	IC50	0.2
CHEMBL3673489	558.51	5.7	93.01	COc1cc(Cn2c(N)nc3cc(cnc23)c4cnn(C)c4)ccc1OCc5ccc(cc5)C(F)(F)C(F)(F)F	IC50	0.3
CHEMBL3676029	428.47	2.11	104.88	COc1ncc(F)cc1[C@H]2CCCN2c3ccn4ncc(C(=O)NCC(C)(C)O)c4n3	IC50	9.9
CHEMBL3676099	410.45	2.19	84.53	CN1C=C(F)C=C([C@H]2CCCN2c3ccn4ncc(C(=O)NC5(C)CC5)c4n3)C1=O	IC50	2.1
CHEMBL3666395	439.48	4.08	118.45	CC(C)n1cc(C(=O)c2cncc(NC(=O)c3c[nH]c4ncc(C)cc34)c2)c5cncnc15	IC50	5.18
CHEMBL2152288	509.51	5.69	113.76	Nc1cc(NS(=O)(=O)c2cccc(c2)C(F)(F)F)cc(c1)c3cnc4[nH]cc(c5ccncc5)c4c3	IC50	1.67
CHEMBL2152289	343.39	3.83	96.69	CC(=O)Nc1cc(N)cc(c1)c2cnc3[nH]cc(c4ccncc4)c3c2	IC50	5.41
CHEMBL3973508	558.4	4.95	121.86	OCCOCCN=C(O)c1cc(NC(=O)c2cc(c(Cl)cc2Cl)c3ncccc3F)n(n1)c4ccccc4	IC50	9.58
CHEMBL3977304	581.95	6.13	149.25	Cc1cn(nn1)c2ccc(cc2NC(=Nc3cnc(Oc4ccc(cc4)c5cc(Cl)cnc5N)nc3)O)C(F)(F)F	IC50	1
CHEMBL3298268	468.53	3.04	121.23	CC(C)(C)c1cc(NC(=O)Cn2cc(nn2)c3ccc(nc3)n4ccnc4)n(n1)c5cccnc5	IC50	9
CHEMBL3947413	558.4	4.94	121.86	COC[C@@H](O)CN=C(O)c1cc(NC(=O)c2cc(c(Cl)cc2Cl)c3ncccc3F)n(n1)c4ccccc4	IC50	5.45
CHEMBL3950417	415.44	3.96	86.25	CC(C)(CO)C(=Nc1cnn2ccc(nc12)N3CCC[C@H]3c4cc(F)ccc4F)O	IC50	7.5
CHEMBL3957079	598.55	6.73	131.94	COc1ccn2ncc(c3ccc(Oc4ncc(cn4)N=C(O)Nc5cc(ccc5c6cccnc6)C(F)(F)F)cc3)c2n1	IC50	1
CHEMBL3961246	522.39	5.59	101.63	CC1(COC1)N=C(O)c2cc(NC(=O)c3cc(c(Cl)cc3Cl)c4ccccn4)n(n2)c5ccccc5	IC50	9.09
CHEMBL3928224	587.52	5.85	136.87	COc1ccc2ncc(c3ccc(Oc4ncc(cn4)N=C(O)Nc5cc(ccc5n6cccn6)C(F)(F)F)cc3)n2n1	IC50	1
CHEMBL3937419	454.51	2.52	108.25	CN1C=C(F)C=C([C@H]2CCCN2c3ccn4ncc(C(=NC5CCC(O)CC5)O)c4n3)C1=O	IC50	1.9
CHEMBL3916979	386.36	1.77	105.62	NC(=O)C(=O)Nc1cnn2ccc(nc12)N3CCC[C@H]3c4cc(F)ccc4F	IC50	4.65
CHEMBL3902524					IC50	6.353
CHEMBL515062	481.92	2.82	150.33	CC(C)Oc1cc(Nc2nc(N[C@@H](C)c3ccc(F)cn3)nc(OC(CO)CO)c2Cl)n[nH]1	EC50	2
CHEMBL3678300	523.52	5.02	105.9	COc1cc(ccc1OCc2ccc(nc2)C(F)(F)F)C(C)n3c(N)nc4cc(cnc34)c5cnn(C)c5	IC50	0.4
CHEMBL3671132	456.5	2.41	75	Fc1ccc(F)c(c1)[C@H]2CCCN2c3ccn4ncc(C(=O)NCCN5CCOCC5)c4n3	IC50	0.95
CHEMBL3671151	451.48	3.06	80.35	Cn1cncc1CCNC(=O)c2cnn3ccc(nc23)N4CCC[C@@H]4c5cc(F)ccc5F	IC50	1.1
CHEMBL3671156	437.45	2.98	80.35	Fc1ccc(F)c(c1)[C@H]2CCCN2c3ccn4ncc(C(=O)NCCn5ccnc5)c4n3	IC50	2.8
CHEMBL3673442	524.63	4.86	88.25	COc1ccc(COc2ccc(Cn3cnc4cc(ccc34)c5cnn(c5)C6CCNCC6)cc2OC)cn1	IC50	6
CHEMBL3675911	469.49	3.72	99.83	OC(=O)C1CCC(CC1)NC(=O)c2cnn3ccc(nc23)N4CCCC4c5cc(F)ccc5F	IC50	1.5
CHEMBL3675934	414.46	2.82	88.55	CC(C)(N)CNC(=O)c1cnn2ccc(nc12)N3CCC[C@@H]3c4cc(F)ccc4F	IC50	9.4
CHEMBL3675941	373.36	2.64	71.76	CONC(=O)c1cnn2ccc(nc12)N3CCC[C@@H]3c4cc(F)ccc4F	IC50	0.6
CHEMBL3675966	380.43	2.89	75.42	CC1(CC1)NC(=O)c2cnn3ccc(nc23)N4CCC[C@@H]4c5cncc(F)c5	IC50	3.2
CHEMBL3675998	394.45	3.13	75.42	C[C@H](NC(=O)c1cnn2ccc(nc12)N3CCC[C@@H]3c4cncc(F)c4)C5CC5	IC50	2.9
CHEMBL3676017	430.44	0.7	125.11	COc1ncc(F)cc1[C@H]2CCCN2c3ccn4ncc(C(=O)NC[C@H](O)CO)c4n3	IC50	8
CHEMBL3676042	417.42	1.43	102.99	OCC(CO)NC(=O)c1cnn2ccc(nc12)N3CCC[C@@H]3c4cc(F)ccc4F	IC50	1.5
CHEMBL3676058	394.45	3.2	75.42	Cc1ncc(F)cc1C2CCCN2c3ccn4ncc(C(=O)NC5(C)CC5)c4n3	IC50	2.4
CHEMBL3676092	410.45	2.19	84.53	CN1C=C(F)C=C([C@H]2CCCN2c3ccn4ncc(C(=O)NC5CCC5)c4n3)C1=O	IC50	3
CHEMBL3666262	469.51	2.42	159.81	CC(C)(CO)n1cc(C(=O)c2cncc(NC(=O)Cc3ccc(cc3)C#N)c2)c4cnc(N)nc14	IC50	8.62
CHEMBL3596892	417.47	4.47	110.76	Cn1cc(cn1)c2cncc(n2)c3ccc(NC(=O)Nc4onc(c4)C(C)(C)C)cc3	IC50	5
CHEMBL2151323	383.39	2.43	119.32	CC(C)Oc1cc(n[nH]1)n2cnc3cnc(N[C@@H](C)c4ncc(F)cn4)nc23	IC50	3
CHEMBL378978	356.86	2.94	97.11	CNC(=O)Nc1snc(SCc2ccc(Cl)cc2)c1C(=O)N	IC50	7
CHEMBL388978	466.54	4.35	69.45	CN[C@@H]1C[C@H]2O[C@@](C)([C@@H]1OC)n3c4ccccc4c5c6CNC(=O)c6c7c8ccccc8n2c7c35	IC50	8.3
CHEMBL3970342	548.98	6.97	107.78	CCCN=C1NC=C(S1)c2ccc(Oc3ncc(cn3)N=C(O)Nc4cc(ccc4Cl)C(F)(F)F)cc2	IC50	2
CHEMBL3971680	452.53	3.78	99.14	CCc1ncc(F)cc1[C@H]2CCCN2c3ccn4ncc(C(=NC5CCC(O)CC5)O)c4n3	IC50	3.6
CHEMBL3950761	566.93	6.43	136.36	Nc1ncc(Cl)cc1c2ccc(Oc3ccc(cn3)N=C(O)Nc4cc(ccc4n5ccnn5)C(F)(F)F)cc2	IC50	1
CHEMBL3960311	453.5	4.09	124.39	CC(C)(CO)n1cc(C(=O)c2cncc(c2)N=C(O)Cc3ccc(cc3)C#N)c4cnccc14	IC50	9.54
CHEMBL3962859	510.36	6.1	92.4	OC(=NC1CC1)c2cc(NC(=O)c3cc(c(Cl)cc3Cl)c4ncccc4F)n(n2)c5ccccc5	IC50	4.02
CHEMBL3935148	550.45	6.1	112.63	O[C@@H]1CC[C@H](CC1)N=C(O)c2cc(NC(=O)c3cc(c(Cl)cc3Cl)c4ccccn4)n(n2)c5ccccc5	IC50	6.93
CHEMBL3910261	508.37	5.2	101.63	OC(=NC1COC1)c2cc(NC(=O)c3cc(c(Cl)cc3Cl)c4ccccn4)n(n2)c5ccccc5	IC50	9.9
CHEMBL3924506	631.64	7.57	125.72	Cc1cccc(c1)c2ncc(cc2NC(=Nc3cnc(Oc4ccc(cc4)c5cnc(s5)N6CCCC6=O)nc3)O)C(F)(F)F	IC50	3
